Bevölkerung am 1.1.2019 nach Gemeinden (Gebietsstand 1.1.2019);;;;;;;;
Bundesland;Gemeinde-kennziffer (GKZ);Gemeindename;Status;"Bevölkerung am 1.1.2019";;;;
Burgenland;10101;Eisenstadt;SR;14.637;;;;
Burgenland;10201;Rust;SR;1.940;;;;
Burgenland;10301;Breitenbrunn am Neusiedler See;M;1.910;;;;
Burgenland;10302;Donnerskirchen;M;1.822;;;;
Burgenland;10303;Großhöflein;M;2.080;;;;
Burgenland;10304;Hornstein;M;3.091;;;;
Burgenland;10305;Klingenbach;;1.153;;;;
Burgenland;10306;Leithaprodersdorf;;1.198;;;;
Burgenland;10307;Mörbisch am See;;2.244;;;;
Burgenland;10308;Müllendorf;;1.394;;;;
Burgenland;10309;Neufeld an der Leitha;ST;3.451;;;;
Burgenland;10310;Oggau am Neusiedler See;M;1.748;;;;
Burgenland;10311;Oslip;;1.262;;;;
Burgenland;10312;Purbach am Neusiedler See;ST;2.912;;;;
Burgenland;10313;Sankt Margarethen im Burgenland;M;2.650;;;;
Burgenland;10314;Schützen am Gebirge;;1.365;;;;
Burgenland;10315;Siegendorf;M;3.027;;;;
Burgenland;10316;Steinbrunn;M;2.671;;;;
Burgenland;10317;Trausdorf an der Wulka;;2.091;;;;
Burgenland;10318;Wimpassing an der Leitha;;1.594;;;;
Burgenland;10319;Wulkaprodersdorf;M;1.966;;;;
Burgenland;10320;Loretto;M;475;;;;
Burgenland;10321;Stotzing;;834;;;;
Burgenland;10322;Zillingtal;;939;;;;
Burgenland;10323;Zagersdorf;;1.050;;;;
Burgenland;10401;Bocksdorf;;801;;;;
Burgenland;10402;Burgauberg-Neudauberg;;1.339;;;;
Burgenland;10403;Eberau;M;917;;;;
Burgenland;10404;Gerersdorf-Sulz;;1.016;;;;
Burgenland;10405;Güssing;ST;3.686;;;;
Burgenland;10406;Güttenbach;M;880;;;;
Burgenland;10407;Heiligenbrunn;;739;;;;
Burgenland;10408;Kukmirn;M;1.994;;;;
Burgenland;10409;Neuberg im Burgenland;;983;;;;
Burgenland;10410;Neustift bei Güssing;;473;;;;
Burgenland;10411;Olbendorf;;1.436;;;;
Burgenland;10412;Ollersdorf im Burgenland;M;933;;;;
Burgenland;10413;Sankt Michael im Burgenland;M;967;;;;
Burgenland;10414;Stegersbach;M;2.671;;;;
Burgenland;10415;Stinatz;M;1.228;;;;
Burgenland;10416;Strem;M;898;;;;
Burgenland;10417;Tobaj;;1.366;;;;
Burgenland;10418;Hackerberg;;355;;;;
Burgenland;10419;Wörterberg;;487;;;;
Burgenland;10420;Großmürbisch;;240;;;;
Burgenland;10421;Inzenhof;;335;;;;
Burgenland;10422;Kleinmürbisch;;220;;;;
Burgenland;10423;Tschanigraben;;65;;;;
Burgenland;10424;Heugraben;;218;;;;
Burgenland;10425;Rohr im Burgenland;;377;;;;
Burgenland;10426;Bildein;;336;;;;
Burgenland;10427;Rauchwart;;440;;;;
Burgenland;10428;Moschendorf;;397;;;;
Burgenland;10501;Deutsch Kaltenbrunn;M;1.746;;;;
Burgenland;10502;Eltendorf;;942;;;;
Burgenland;10503;Heiligenkreuz im Lafnitztal;M;1.215;;;;
Burgenland;10504;Jennersdorf;ST;4.105;;;;
Burgenland;10505;Minihof-Liebau;M;1.040;;;;
Burgenland;10506;Mogersdorf;M;1.142;;;;
Burgenland;10507;Neuhaus am Klausenbach;M;912;;;;
Burgenland;10508;Rudersdorf;M;2.156;;;;
Burgenland;10509;Sankt Martin an der Raab;M;1.977;;;;
Burgenland;10510;Weichselbaum;;716;;;;
Burgenland;10511;Königsdorf;;718;;;;
Burgenland;10512;Mühlgraben;;397;;;;
Burgenland;10601;Draßburg;;1.224;;;;
Burgenland;10602;Forchtenstein;;2.779;;;;
Burgenland;10603;Hirm;;1.023;;;;
Burgenland;10604;Loipersbach im Burgenland;;1.226;;;;
Burgenland;10605;Marz;;2.044;;;;
Burgenland;10606;Mattersburg;ST;7.431;;;;
Burgenland;10607;Neudörfl;M;4.551;;;;
Burgenland;10608;Pöttelsdorf;;745;;;;
Burgenland;10609;Pöttsching;M;2.965;;;;
Burgenland;10610;Rohrbach bei Mattersburg;M;2.672;;;;
Burgenland;10611;Bad Sauerbrunn;;2.226;;;;
Burgenland;10612;Schattendorf;M;2.395;;;;
Burgenland;10613;Sieggraben;;1.241;;;;
Burgenland;10614;Sigleß;;1.174;;;;
Burgenland;10615;Wiesen;M;2.681;;;;
Burgenland;10616;Antau;;757;;;;
Burgenland;10617;Baumgarten;;873;;;;
Burgenland;10618;Zemendorf-Stöttera;;1.275;;;;
Burgenland;10619;Krensdorf;;643;;;;
Burgenland;10701;Andau;M;2.262;;;;
Burgenland;10702;Apetlon;M;1.755;;;;
Burgenland;10703;Bruckneudorf;;3.124;;;;
Burgenland;10704;Deutsch Jahrndorf;;605;;;;
Burgenland;10705;Frauenkirchen;ST;2.859;;;;
Burgenland;10706;Gattendorf;;1.338;;;;
Burgenland;10707;Gols;M;3.864;;;;
Burgenland;10708;Halbturn;;1.922;;;;
Burgenland;10709;Illmitz;M;2.369;;;;
Burgenland;10710;Jois;M;1.635;;;;
Burgenland;10711;Kittsee;M;3.250;;;;
Burgenland;10712;Mönchhof;;2.227;;;;
Burgenland;10713;Neusiedl am See;ST;8.409;;;;
Burgenland;10714;Nickelsdorf;;1.808;;;;
Burgenland;10715;Pama;;1.219;;;;
Burgenland;10716;Pamhagen;;1.592;;;;
Burgenland;10717;Parndorf;;4.807;;;;
Burgenland;10718;Podersdorf am See;M;2.126;;;;
Burgenland;10719;Sankt Andrä am Zicksee;M;1.386;;;;
Burgenland;10720;Tadten;;1.189;;;;
Burgenland;10721;Wallern im Burgenland;M;1.684;;;;
Burgenland;10722;Weiden am See;M;2.460;;;;
Burgenland;10723;Winden am See;;1.322;;;;
Burgenland;10724;Zurndorf;M;2.259;;;;
Burgenland;10725;Neudorf;;717;;;;
Burgenland;10726;Potzneusiedl;;605;;;;
Burgenland;10727;Edelstal;;759;;;;
Burgenland;10801;Deutschkreutz;M;3.066;;;;
Burgenland;10802;Draßmarkt;M;1.378;;;;
Burgenland;10803;Frankenau-Unterpullendorf;;1.104;;;;
Burgenland;10804;Großwarasdorf;;1.386;;;;
Burgenland;10805;Horitschon;M;1.828;;;;
Burgenland;10806;Kaisersdorf;;613;;;;
Burgenland;10807;Kobersdorf;M;1.870;;;;
Burgenland;10808;Lackenbach;M;1.142;;;;
Burgenland;10809;Lockenhaus;M;2.044;;;;
Burgenland;10810;Lutzmannsburg;M;875;;;;
Burgenland;10811;Mannersdorf an der Rabnitz;;1.808;;;;
Burgenland;10812;Markt Sankt Martin;M;1.221;;;;
Burgenland;10813;Neckenmarkt;M;1.685;;;;
Burgenland;10814;Neutal;;1.112;;;;
Burgenland;10815;Nikitsch;;1.363;;;;
Burgenland;10816;Oberpullendorf;ST;3.189;;;;
Burgenland;10817;Pilgersdorf;;1.645;;;;
Burgenland;10818;Piringsdorf;;842;;;;
Burgenland;10819;Raiding;M;881;;;;
Burgenland;10820;Ritzing;;899;;;;
Burgenland;10821;Steinberg-Dörfl;M;1.285;;;;
Burgenland;10822;Stoob;M;1.395;;;;
Burgenland;10823;Weppersdorf;M;1.822;;;;
Burgenland;10824;Lackendorf;;601;;;;
Burgenland;10825;Unterfrauenhaid;M;657;;;;
Burgenland;10826;Unterrabnitz-Schwendgraben;;647;;;;
Burgenland;10827;Weingraben;;362;;;;
Burgenland;10828;Oberloisdorf;;793;;;;
Burgenland;10901;Bad Tatzmannsdorf;;1.588;;;;
Burgenland;10902;Bernstein;M;2.109;;;;
Burgenland;10903;Deutsch Schützen-Eisenberg;;1.114;;;;
Burgenland;10904;Grafenschachen;;1.241;;;;
Burgenland;10905;Großpetersdorf;M;3.538;;;;
Burgenland;10906;Hannersdorf;;746;;;;
Burgenland;10907;Kemeten;;1.506;;;;
Burgenland;10908;Kohfidisch;M;1.426;;;;
Burgenland;10909;Litzelsdorf;M;1.172;;;;
Burgenland;10910;Loipersdorf-Kitzladen;;1.312;;;;
Burgenland;10911;Mariasdorf;M;1.150;;;;
Burgenland;10912;Markt Allhau;M;1.847;;;;
Burgenland;10913;Markt Neuhodis;M;654;;;;
Burgenland;10914;Mischendorf;;1.558;;;;
Burgenland;10915;Oberdorf im Burgenland;;994;;;;
Burgenland;10916;Oberschützen;;2.396;;;;
Burgenland;10917;Oberwart;ST;7.623;;;;
Burgenland;10918;Pinkafeld;ST;5.823;;;;
Burgenland;10919;Rechnitz;M;3.010;;;;
Burgenland;10920;Riedlingsdorf;M;1.639;;;;
Burgenland;10921;Rotenturm an der Pinka;M;1.420;;;;
Burgenland;10922;Schachendorf;;752;;;;
Burgenland;10923;Stadtschlaining;ST;1.986;;;;
Burgenland;10924;Unterkohlstätten;;1.004;;;;
Burgenland;10925;Unterwart;;968;;;;
Burgenland;10926;Weiden bei Rechnitz;;827;;;;
Burgenland;10927;Wiesfleck;;1.153;;;;
Burgenland;10928;Wolfau;M;1.428;;;;
Burgenland;10929;Neustift an der Lafnitz;M;794;;;;
Burgenland;10930;Jabing;;732;;;;
Burgenland;10931;Badersdorf;;292;;;;
Burgenland;10932;Schandorf;;274;;;;
Kärnten;20101;Klagenfurt am Wörthersee;SR;100.817;;;;
Kärnten;20201;Villach;SR;62.243;;;;
Kärnten;20302;Dellach;;1.233;;;;
Kärnten;20305;Hermagor-Pressegger See;ST;6.889;;;;
Kärnten;20306;Kirchbach;M;2.574;;;;
Kärnten;20307;Kötschach-Mauthen;M;3.359;;;;
Kärnten;20316;St. Stefan im Gailtal;;1.604;;;;
Kärnten;20320;Gitschtal;;1.246;;;;
Kärnten;20321;Lesachtal;;1.319;;;;
Kärnten;20402;Ebenthal in Kärnten;M;8.005;;;;
Kärnten;20403;Feistritz im Rosental;M;2.498;;;;
Kärnten;20405;Ferlach;ST;7.105;;;;
Kärnten;20409;Grafenstein;M;2.918;;;;
Kärnten;20412;Keutschach am See;;2.445;;;;
Kärnten;20414;Köttmannsdorf;;3.052;;;;
Kärnten;20415;Krumpendorf am Wörthersee;;3.418;;;;
Kärnten;20416;Ludmannsdorf;;1.782;;;;
Kärnten;20417;Maria Rain;;2.590;;;;
Kärnten;20418;Maria Saal;M;3.846;;;;
Kärnten;20419;Maria Wörth;;1.606;;;;
Kärnten;20421;Moosburg;M;4.476;;;;
Kärnten;20424;Pörtschach am Wörther See;;2.810;;;;
Kärnten;20425;Poggersdorf;M;3.215;;;;
Kärnten;20428;St. Margareten im Rosental;;1.103;;;;
Kärnten;20432;Schiefling am Wörthersee;M;2.667;;;;
Kärnten;20435;Techelsberg am Wörther See;;2.186;;;;
Kärnten;20441;Zell;;601;;;;
Kärnten;20442;Magdalensberg;M;3.477;;;;
Kärnten;20501;Althofen;ST;4.678;;;;
Kärnten;20502;Brückl;M;2.725;;;;
Kärnten;20503;Deutsch-Griffen;;902;;;;
Kärnten;20504;Eberstein;M;1.251;;;;
Kärnten;20505;Friesach;ST;4.924;;;;
Kärnten;20506;Glödnitz;;795;;;;
Kärnten;20508;Gurk;M;1.216;;;;
Kärnten;20509;Guttaring;M;1.491;;;;
Kärnten;20511;Hüttenberg;M;1.388;;;;
Kärnten;20512;Kappel am Krappfeld;;1.943;;;;
Kärnten;20513;Klein St. Paul;M;1.766;;;;
Kärnten;20515;Liebenfels;M;3.344;;;;
Kärnten;20518;Metnitz;M;1.976;;;;
Kärnten;20519;Micheldorf;;1.011;;;;
Kärnten;20520;Mölbling;;1.319;;;;
Kärnten;20523;St. Georgen am Längsee;;3.609;;;;
Kärnten;20527;St. Veit an der Glan;ST;12.557;;;;
Kärnten;20530;Straßburg;ST;2.036;;;;
Kärnten;20531;Weitensfeld im Gurktal;M;2.058;;;;
Kärnten;20534;Frauenstein;;3.566;;;;
Kärnten;20601;Bad Kleinkirchheim;;1.726;;;;
Kärnten;20602;Baldramsdorf;;1.896;;;;
Kärnten;20603;Berg im Drautal;;1.279;;;;
Kärnten;20604;Dellach im Drautal;;1.598;;;;
Kärnten;20605;Großkirchheim;;1.327;;;;
Kärnten;20607;Flattach;;1.211;;;;
Kärnten;20608;Gmünd in Kärnten;ST;2.541;;;;
Kärnten;20609;Greifenburg;M;1.718;;;;
Kärnten;20610;Heiligenblut am Großglockner;;1.010;;;;
Kärnten;20611;Irschen;;1.975;;;;
Kärnten;20613;Kleblach-Lind;;1.173;;;;
Kärnten;20616;Lendorf;;1.696;;;;
Kärnten;20618;Mallnitz;;763;;;;
Kärnten;20619;Malta;;1.967;;;;
Kärnten;20620;Millstatt am See;M;3.457;;;;
Kärnten;20622;Mörtschach;;805;;;;
Kärnten;20624;Mühldorf;;1.010;;;;
Kärnten;20625;Oberdrauburg;M;1.190;;;;
Kärnten;20627;Obervellach;M;2.191;;;;
Kärnten;20630;Radenthein;ST;5.788;;;;
Kärnten;20631;Rangersdorf;;1.721;;;;
Kärnten;20632;Rennweg am Katschberg;M;1.747;;;;
Kärnten;20633;Sachsenburg;M;1.339;;;;
Kärnten;20634;Seeboden am Millstätter See;M;6.456;;;;
Kärnten;20635;Spittal an der Drau;ST;15.365;;;;
Kärnten;20636;Stall;;1.552;;;;
Kärnten;20637;Steinfeld;M;2.020;;;;
Kärnten;20638;Trebesing;;1.171;;;;
Kärnten;20639;Weißensee;;758;;;;
Kärnten;20640;Winklern;M;1.207;;;;
Kärnten;20642;Krems in Kärnten;;1.663;;;;
Kärnten;20643;Lurnfeld;M;2.644;;;;
Kärnten;20644;Reißeck;;2.127;;;;
Kärnten;20701;Afritz am See;;1.440;;;;
Kärnten;20702;Arnoldstein;M;7.053;;;;
Kärnten;20703;Arriach;;1.331;;;;
Kärnten;20705;Bad Bleiberg;M;2.242;;;;
Kärnten;20707;Feistritz an der Gail;;623;;;;
Kärnten;20708;Feld am See;;1.091;;;;
Kärnten;20710;Ferndorf;;2.122;;;;
Kärnten;20711;Finkenstein am Faaker See;M;9.050;;;;
Kärnten;20712;Fresach;;1.206;;;;
Kärnten;20713;Hohenthurn;;863;;;;
Kärnten;20719;Nötsch im Gailtal;M;2.251;;;;
Kärnten;20720;Paternion;M;5.808;;;;
Kärnten;20721;Rosegg;M;1.839;;;;
Kärnten;20722;St. Jakob im Rosental;M;4.235;;;;
Kärnten;20723;Stockenboi;;1.605;;;;
Kärnten;20724;Treffen am Ossiacher See;M;4.455;;;;
Kärnten;20725;Velden am Wörther See;M;8.926;;;;
Kärnten;20726;Weißenstein;M;2.949;;;;
Kärnten;20727;Wernberg;;5.579;;;;
Kärnten;20801;Bleiburg;ST;4.077;;;;
Kärnten;20802;Diex;;788;;;;
Kärnten;20803;Eberndorf;M;5.874;;;;
Kärnten;20804;Eisenkappel-Vellach;M;2.291;;;;
Kärnten;20805;Feistritz ob Bleiburg;M;2.203;;;;
Kärnten;20806;Gallizien;;1.743;;;;
Kärnten;20807;Globasnitz;;1.586;;;;
Kärnten;20808;Griffen;M;3.444;;;;
Kärnten;20810;Neuhaus;;1.034;;;;
Kärnten;20812;Ruden;;1.523;;;;
Kärnten;20813;St. Kanzian am Klopeiner See;;4.452;;;;
Kärnten;20815;Sittersdorf;;1.974;;;;
Kärnten;20817;Völkermarkt;ST;10.889;;;;
Kärnten;20901;Bad St. Leonhard im Lavanttal;ST;4.377;;;;
Kärnten;20905;Frantschach-St. Gertraud;M;2.566;;;;
Kärnten;20909;Lavamünd;M;2.900;;;;
Kärnten;20911;Preitenegg;;932;;;;
Kärnten;20912;Reichenfels;M;1.795;;;;
Kärnten;20913;St. Andrä;ST;9.922;;;;
Kärnten;20914;St. Georgen im Lavanttal;;1.965;;;;
Kärnten;20918;St. Paul im Lavanttal;M;3.271;;;;
Kärnten;20923;Wolfsberg;ST;24.998;;;;
Kärnten;21001;Albeck;;988;;;;
Kärnten;21002;Feldkirchen in Kärnten;ST;14.307;;;;
Kärnten;21003;Glanegg;;1.832;;;;
Kärnten;21004;Gnesau;;1.030;;;;
Kärnten;21005;Himmelberg;;2.295;;;;
Kärnten;21006;Ossiach;;783;;;;
Kärnten;21007;Reichenau;;1.808;;;;
Kärnten;21008;St. Urban;;1.540;;;;
Kärnten;21009;Steindorf am Ossiacher See;;3.730;;;;
Kärnten;21010;Steuerberg;;1.624;;;;
Niederösterreich;30101;Krems an der Donau;SR;24.876;;;;
Niederösterreich;30201;St. Pölten;SR;55.044;;;;
Niederösterreich;30301;Waidhofen an der Ybbs;SR;11.261;;;;
Niederösterreich;30401;Wiener Neustadt;SR;45.277;;;;
Niederösterreich;30501;Allhartsberg;M;2.147;;;;
Niederösterreich;30502;Amstetten;ST;23.727;;;;
Niederösterreich;30503;Ardagger;M;3.540;;;;
Niederösterreich;30504;Aschbach-Markt;M;3.811;;;;
Niederösterreich;30506;Behamberg;;3.419;;;;
Niederösterreich;30507;Biberbach;;2.243;;;;
Niederösterreich;30508;Ennsdorf;;3.001;;;;
Niederösterreich;30509;Ernsthofen;;2.240;;;;
Niederösterreich;30510;Ertl;;1.260;;;;
Niederösterreich;30511;Euratsfeld;M;2.674;;;;
Niederösterreich;30512;Ferschnitz;M;1.799;;;;
Niederösterreich;30514;Haag;ST;5.569;;;;
Niederösterreich;30515;Haidershofen;;3.664;;;;
Niederösterreich;30516;Hollenstein an der Ybbs;;1.703;;;;
Niederösterreich;30517;Kematen an der Ybbs;M;2.634;;;;
Niederösterreich;30520;Neuhofen an der Ybbs;M;2.970;;;;
Niederösterreich;30521;Neustadtl an der Donau;M;2.113;;;;
Niederösterreich;30522;Oed-Oehling;M;1.926;;;;
Niederösterreich;30524;Opponitz;;912;;;;
Niederösterreich;30526;St. Georgen am Reith;;549;;;;
Niederösterreich;30527;St. Georgen am Ybbsfelde;M;2.877;;;;
Niederösterreich;30529;St. Pantaleon-Erla;;2.617;;;;
Niederösterreich;30530;St. Peter in der Au;M;5.194;;;;
Niederösterreich;30531;St. Valentin;ST;9.314;;;;
Niederösterreich;30532;Seitenstetten;M;3.456;;;;
Niederösterreich;30533;Sonntagberg;M;3.853;;;;
Niederösterreich;30534;Strengberg;M;2.091;;;;
Niederösterreich;30536;Viehdorf;;1.370;;;;
Niederösterreich;30538;Wallsee-Sindelburg;M;2.168;;;;
Niederösterreich;30539;Weistrach;;2.228;;;;
Niederösterreich;30541;Winklarn;;1.736;;;;
Niederösterreich;30542;Wolfsbach;M;2.004;;;;
Niederösterreich;30543;Ybbsitz;M;3.411;;;;
Niederösterreich;30544;Zeillern;M;1.894;;;;
Niederösterreich;30601;Alland;M;2.536;;;;
Niederösterreich;30602;Altenmarkt an der Triesting;M;2.103;;;;
Niederösterreich;30603;Bad Vöslau;ST;12.062;;;;
Niederösterreich;30604;Baden;ST;25.906;;;;
Niederösterreich;30605;Berndorf;ST;9.063;;;;
Niederösterreich;30607;Ebreichsdorf;ST;11.084;;;;
Niederösterreich;30608;Enzesfeld-Lindabrunn;M;4.183;;;;
Niederösterreich;30609;Furth an der Triesting;;867;;;;
Niederösterreich;30612;Günselsdorf;M;1.724;;;;
Niederösterreich;30613;Heiligenkreuz;;1.539;;;;
Niederösterreich;30614;Hernstein;M;1.547;;;;
Niederösterreich;30615;Hirtenberg;M;2.646;;;;
Niederösterreich;30616;Klausen-Leopoldsdorf;;1.692;;;;
Niederösterreich;30618;Kottingbrunn;M;7.330;;;;
Niederösterreich;30620;Leobersdorf;M;4.887;;;;
Niederösterreich;30621;Mitterndorf an der Fischa;;2.802;;;;
Niederösterreich;30623;Oberwaltersdorf;M;4.682;;;;
Niederösterreich;30625;Pfaffstätten;M;3.576;;;;
Niederösterreich;30626;Pottendorf;M;7.160;;;;
Niederösterreich;30627;Pottenstein;M;2.961;;;;
Niederösterreich;30629;Reisenberg;M;1.723;;;;
Niederösterreich;30631;Schönau an der Triesting;;2.123;;;;
Niederösterreich;30633;Seibersdorf;M;1.499;;;;
Niederösterreich;30635;Sooß;M;1.034;;;;
Niederösterreich;30636;Tattendorf;;1.438;;;;
Niederösterreich;30637;Teesdorf;M;1.807;;;;
Niederösterreich;30639;Traiskirchen;ST;18.937;;;;
Niederösterreich;30641;Trumau;M;3.712;;;;
Niederösterreich;30645;Weissenbach an der Triesting;M;1.739;;;;
Niederösterreich;30646;Blumau-Neurißhof;;1.841;;;;
Niederösterreich;30701;Au am Leithaberge;M;938;;;;
Niederösterreich;30702;Bad Deutsch-Altenburg;M;1.772;;;;
Niederösterreich;30703;Berg;;887;;;;
Niederösterreich;30704;Bruck an der Leitha;ST;8.037;;;;
Niederösterreich;30706;Enzersdorf an der Fischa;M;3.239;;;;
Niederösterreich;30708;Göttlesbrunn-Arbesthal;;1.424;;;;
Niederösterreich;30709;Götzendorf an der Leitha;M;2.088;;;;
Niederösterreich;30710;Hainburg a.d. Donau;ST;6.725;;;;
Niederösterreich;30711;Haslau-Maria Ellend;;2.005;;;;
Niederösterreich;30712;Höflein;;1.240;;;;
Niederösterreich;30713;Hof am Leithaberge;M;1.541;;;;
Niederösterreich;30715;Hundsheim;;598;;;;
Niederösterreich;30716;Mannersdorf am Leithagebirge;ST;4.132;;;;
Niederösterreich;30718;Petronell-Carnuntum;M;1.248;;;;
Niederösterreich;30719;Prellenkirchen;M;1.606;;;;
Niederösterreich;30721;Rohrau;M;1.600;;;;
Niederösterreich;30722;Scharndorf;;1.181;;;;
Niederösterreich;30724;Sommerein;M;2.001;;;;
Niederösterreich;30726;Trautmannsdorf an der Leitha;M;2.922;;;;
Niederösterreich;30728;Wolfsthal;;1.094;;;;
Niederösterreich;30729;Ebergassing;;3.934;;;;
Niederösterreich;30730;Fischamend;ST;5.646;;;;
Niederösterreich;30731;Gramatneusiedl;M;3.541;;;;
Niederösterreich;30732;Himberg;M;7.399;;;;
Niederösterreich;30733;Klein-Neusiedl;;915;;;;
Niederösterreich;30734;Lanzendorf;;1.915;;;;
Niederösterreich;30735;Leopoldsdorf;M;5.135;;;;
Niederösterreich;30736;Maria-Lanzendorf;;2.184;;;;
Niederösterreich;30737;Moosbrunn;;1.808;;;;
Niederösterreich;30738;Rauchenwarth;;754;;;;
Niederösterreich;30739;Schwadorf;M;2.189;;;;
Niederösterreich;30740;Schwechat;ST;18.564;;;;
Niederösterreich;30741;Zwölfaxing;;1.748;;;;
Niederösterreich;30801;Aderklaa;;205;;;;
Niederösterreich;30802;Andlersdorf;;141;;;;
Niederösterreich;30803;Angern an der March;M;3.366;;;;
Niederösterreich;30804;Auersthal;M;1.958;;;;
Niederösterreich;30805;Bad Pirawarth;M;1.669;;;;
Niederösterreich;30808;Deutsch-Wagram;ST;8.792;;;;
Niederösterreich;30810;Drösing;M;1.112;;;;
Niederösterreich;30811;Dürnkrut;M;2.228;;;;
Niederösterreich;30812;Ebenthal;M;911;;;;
Niederösterreich;30813;Eckartsau;M;1.262;;;;
Niederösterreich;30814;Engelhartstetten;M;2.076;;;;
Niederösterreich;30817;Gänserndorf;ST;11.577;;;;
Niederösterreich;30819;Glinzendorf;;301;;;;
Niederösterreich;30821;Groß-Enzersdorf;ST;11.427;;;;
Niederösterreich;30822;Großhofen;;98;;;;
Niederösterreich;30824;Groß-Schweinbarth;M;1.272;;;;
Niederösterreich;30825;Haringsee;;1.172;;;;
Niederösterreich;30826;Hauskirchen;;1.256;;;;
Niederösterreich;30827;Hohenau an der March;M;2.729;;;;
Niederösterreich;30828;Hohenruppersdorf;M;910;;;;
Niederösterreich;30829;Jedenspeigen;M;1.084;;;;
Niederösterreich;30830;Lassee;M;2.848;;;;
Niederösterreich;30831;Leopoldsdorf im Marchfelde;M;2.899;;;;
Niederösterreich;30834;Mannsdorf an der Donau;;348;;;;
Niederösterreich;30835;Marchegg;ST;2.991;;;;
Niederösterreich;30836;Markgrafneusiedl;;893;;;;
Niederösterreich;30838;Matzen-Raggendorf;M;2.799;;;;
Niederösterreich;30841;Neusiedl an der Zaya;M;1.245;;;;
Niederösterreich;30842;Obersiebenbrunn;M;1.703;;;;
Niederösterreich;30844;Orth an der Donau;M;2.111;;;;
Niederösterreich;30845;Palterndorf-Dobermannsdorf;M;1.341;;;;
Niederösterreich;30846;Parbasdorf;;165;;;;
Niederösterreich;30848;Prottes;M;1.436;;;;
Niederösterreich;30849;Raasdorf;;637;;;;
Niederösterreich;30850;Ringelsdorf-Niederabsdorf;M;1.243;;;;
Niederösterreich;30852;Schönkirchen-Reyersdorf;M;1.950;;;;
Niederösterreich;30854;Spannberg;M;1.009;;;;
Niederösterreich;30856;Strasshof an der Nordbahn;M;10.392;;;;
Niederösterreich;30857;Sulz im Weinviertel;M;1.198;;;;
Niederösterreich;30858;Untersiebenbrunn;;1.760;;;;
Niederösterreich;30859;Velm-Götzendorf;;753;;;;
Niederösterreich;30860;Weikendorf;M;2.029;;;;
Niederösterreich;30863;Zistersdorf;ST;5.393;;;;
Niederösterreich;30865;Weiden an der March;;997;;;;
Niederösterreich;30902;Amaliendorf-Aalfang;M;1.102;;;;
Niederösterreich;30903;Brand-Nagelberg;M;1.526;;;;
Niederösterreich;30904;Eggern;M;690;;;;
Niederösterreich;30906;Eisgarn;M;679;;;;
Niederösterreich;30908;Gmünd;ST;5.370;;;;
Niederösterreich;30909;Großdietmanns;M;2.193;;;;
Niederösterreich;30910;Bad Großpertholz;M;1.318;;;;
Niederösterreich;30912;Großschönau;M;1.212;;;;
Niederösterreich;30913;Moorbad Harbach;;720;;;;
Niederösterreich;30915;Haugschlag;;485;;;;
Niederösterreich;30916;Heidenreichstein;ST;3.942;;;;
Niederösterreich;30917;Hirschbach;M;576;;;;
Niederösterreich;30920;Hoheneich;M;1.415;;;;
Niederösterreich;30921;Kirchberg am Walde;M;1.305;;;;
Niederösterreich;30925;Litschau;ST;2.252;;;;
Niederösterreich;30929;Reingers;;623;;;;
Niederösterreich;30932;St. Martin;M;1.111;;;;
Niederösterreich;30935;Schrems;ST;5.398;;;;
Niederösterreich;30939;Unserfrau-Altweitra;;1.004;;;;
Niederösterreich;30940;Waldenstein;;1.199;;;;
Niederösterreich;30942;Weitra;ST;2.653;;;;
Niederösterreich;31001;Alberndorf im Pulkautal;;733;;;;
Niederösterreich;31008;Göllersdorf;M;3.035;;;;
Niederösterreich;31009;Grabern;M;1.663;;;;
Niederösterreich;31014;Guntersdorf;M;1.139;;;;
Niederösterreich;31015;Hadres;M;1.707;;;;
Niederösterreich;31016;Hardegg;ST;1.304;;;;
Niederösterreich;31018;Haugsdorf;M;1.567;;;;
Niederösterreich;31019;Heldenberg;;1.314;;;;
Niederösterreich;31021;Hohenwarth-Mühlbach a.M.;M;1.309;;;;
Niederösterreich;31022;Hollabrunn;ST;11.798;;;;
Niederösterreich;31025;Mailberg;M;557;;;;
Niederösterreich;31026;Maissau;ST;1.937;;;;
Niederösterreich;31028;Nappersdorf-Kammersdorf;M;1.217;;;;
Niederösterreich;31033;Pernersdorf;M;1.030;;;;
Niederösterreich;31035;Pulkau;ST;1.548;;;;
Niederösterreich;31036;Ravelsbach;M;1.588;;;;
Niederösterreich;31037;Retz;ST;4.230;;;;
Niederösterreich;31038;Retzbach;;991;;;;
Niederösterreich;31041;Schrattenthal;ST;871;;;;
Niederösterreich;31042;Seefeld-Kadolz;M;941;;;;
Niederösterreich;31043;Sitzendorf an der Schmida;M;2.151;;;;
Niederösterreich;31051;Wullersdorf;M;2.376;;;;
Niederösterreich;31052;Zellerndorf;M;2.449;;;;
Niederösterreich;31053;Ziersdorf;M;3.403;;;;
Niederösterreich;31101;Altenburg;;828;;;;
Niederösterreich;31102;Brunn an der Wild;;829;;;;
Niederösterreich;31103;Burgschleinitz-Kühnring;M;1.340;;;;
Niederösterreich;31104;Drosendorf-Zissersdorf;ST;1.203;;;;
Niederösterreich;31105;Eggenburg;ST;3.498;;;;
Niederösterreich;31106;Gars am Kamp;M;3.532;;;;
Niederösterreich;31107;Geras;ST;1.332;;;;
Niederösterreich;31109;Horn;ST;6.458;;;;
Niederösterreich;31110;Irnfritz-Messern;M;1.418;;;;
Niederösterreich;31111;Japons;M;723;;;;
Niederösterreich;31113;Langau;M;664;;;;
Niederösterreich;31114;Meiseldorf;;872;;;;
Niederösterreich;31117;Pernegg;M;707;;;;
Niederösterreich;31119;Röhrenbach;;526;;;;
Niederösterreich;31120;Röschitz;M;1.044;;;;
Niederösterreich;31121;Rosenburg-Mold;;846;;;;
Niederösterreich;31123;St. Bernhard-Frauenhofen;;1.299;;;;
Niederösterreich;31124;Sigmundsherberg;M;1.628;;;;
Niederösterreich;31129;Weitersfeld;M;1.581;;;;
Niederösterreich;31130;Straning-Grafenberg;M;762;;;;
Niederösterreich;31201;Bisamberg;M;4.769;;;;
Niederösterreich;31202;Enzersfeld im Weinviertel;M;1.733;;;;
Niederösterreich;31203;Ernstbrunn;M;3.204;;;;
Niederösterreich;31204;Großmugl;M;1.599;;;;
Niederösterreich;31205;Großrußbach;M;2.227;;;;
Niederösterreich;31206;Hagenbrunn;M;2.220;;;;
Niederösterreich;31207;Harmannsdorf;M;4.018;;;;
Niederösterreich;31208;Hausleiten;M;3.747;;;;
Niederösterreich;31213;Korneuburg;ST;13.245;;;;
Niederösterreich;31214;Langenzersdorf;M;8.106;;;;
Niederösterreich;31215;Leitzersdorf;;1.189;;;;
Niederösterreich;31216;Leobendorf;M;4.872;;;;
Niederösterreich;31224;Rußbach;;1.434;;;;
Niederösterreich;31226;Sierndorf;M;3.962;;;;
Niederösterreich;31227;Spillern;M;2.324;;;;
Niederösterreich;31228;Stetteldorf am Wagram;M;1.035;;;;
Niederösterreich;31229;Stetten;;1.361;;;;
Niederösterreich;31230;Stockerau;ST;17.010;;;;
Niederösterreich;31234;Niederhollabrunn;M;1.540;;;;
Niederösterreich;31235;Gerasdorf bei Wien;ST;11.294;;;;
Niederösterreich;31301;Aggsbach;M;643;;;;
Niederösterreich;31302;Albrechtsberg an der Großen Krems;M;1.022;;;;
Niederösterreich;31303;Bergern im Dunkelsteinerwald;;1.256;;;;
Niederösterreich;31304;Dürnstein;ST;848;;;;
Niederösterreich;31308;Grafenegg;M;3.090;;;;
Niederösterreich;31309;Furth bei Göttweig;M;2.959;;;;
Niederösterreich;31310;Gedersdorf;;2.182;;;;
Niederösterreich;31311;Gföhl;ST;3.791;;;;
Niederösterreich;31315;Hadersdorf-Kammern;M;1.981;;;;
Niederösterreich;31319;Jaidhof;;1.227;;;;
Niederösterreich;31321;Krumau am Kamp;M;756;;;;
Niederösterreich;31322;Langenlois;ST;7.607;;;;
Niederösterreich;31323;Lengenfeld;M;1.403;;;;
Niederösterreich;31324;Lichtenau im Waldviertel;M;2.036;;;;
Niederösterreich;31326;Maria Laach am Jauerling;M;913;;;;
Niederösterreich;31327;Mautern an der Donau;ST;3.542;;;;
Niederösterreich;31330;Mühldorf;M;1.298;;;;
Niederösterreich;31333;Paudorf;M;2.584;;;;
Niederösterreich;31336;Rastenfeld;M;1.549;;;;
Niederösterreich;31337;Rohrendorf bei Krems;;2.089;;;;
Niederösterreich;31338;Rossatz-Arnsdorf;M;1.068;;;;
Niederösterreich;31340;St. Leonhard am Hornerwald;M;1.106;;;;
Niederösterreich;31343;Senftenberg;M;1.974;;;;
Niederösterreich;31344;Spitz;M;1.582;;;;
Niederösterreich;31346;Straß im Straßertale;M;1.710;;;;
Niederösterreich;31347;Stratzing;M;836;;;;
Niederösterreich;31350;Weinzierl am Walde;;1.247;;;;
Niederösterreich;31351;Weißenkirchen in der Wachau;M;1.416;;;;
Niederösterreich;31355;Schönberg am Kamp;M;1.863;;;;
Niederösterreich;31356;Droß;;1.018;;;;
Niederösterreich;31401;Annaberg;;508;;;;
Niederösterreich;31402;Eschenau;;1.332;;;;
Niederösterreich;31403;Hainfeld;ST;3.787;;;;
Niederösterreich;31404;Hohenberg;M;1.519;;;;
Niederösterreich;31405;Kaumberg;M;1.044;;;;
Niederösterreich;31406;Kleinzell;;868;;;;
Niederösterreich;31407;Lilienfeld;ST;2.761;;;;
Niederösterreich;31408;Mitterbach am Erlaufsee;;481;;;;
Niederösterreich;31409;Ramsau;;862;;;;
Niederösterreich;31410;Rohrbach an der Gölsen;;1.546;;;;
Niederösterreich;31411;St. Aegyd am Neuwalde;M;1.860;;;;
Niederösterreich;31412;St. Veit an der Gölsen;M;3.914;;;;
Niederösterreich;31413;Traisen;M;3.416;;;;
Niederösterreich;31414;Türnitz;M;1.914;;;;
Niederösterreich;31502;Artstetten-Pöbring;M;1.180;;;;
Niederösterreich;31503;Bergland;;1.933;;;;
Niederösterreich;31504;Bischofstetten;M;1.197;;;;
Niederösterreich;31505;Blindenmarkt;M;2.735;;;;
Niederösterreich;31506;Dorfstetten;;579;;;;
Niederösterreich;31507;Dunkelsteinerwald;M;2.410;;;;
Niederösterreich;31508;Erlauf;M;1.100;;;;
Niederösterreich;31509;Golling an der Erlauf;M;1.521;;;;
Niederösterreich;31511;Hofamt Priel;;1.696;;;;
Niederösterreich;31513;Hürm;M;1.818;;;;
Niederösterreich;31514;Kilb;M;2.537;;;;
Niederösterreich;31515;Kirnberg an der Mank;;1.073;;;;
Niederösterreich;31516;Klein-Pöchlarn;M;1.019;;;;
Niederösterreich;31517;Krummnußbaum;M;1.504;;;;
Niederösterreich;31519;Leiben;M;1.361;;;;
Niederösterreich;31520;Loosdorf;M;3.790;;;;
Niederösterreich;31521;Mank;ST;3.238;;;;
Niederösterreich;31522;Marbach an der Donau;M;1.728;;;;
Niederösterreich;31523;Maria Taferl;M;900;;;;
Niederösterreich;31524;Melk;ST;5.606;;;;
Niederösterreich;31525;Münichreith-Laimbach;;1.642;;;;
Niederösterreich;31527;Neumarkt an der Ybbs;M;1.933;;;;
Niederösterreich;31528;Nöchling;M;1.057;;;;
Niederösterreich;31530;Persenbeug-Gottsdorf;M;2.177;;;;
Niederösterreich;31531;Petzenkirchen;M;1.386;;;;
Niederösterreich;31533;Pöchlarn;ST;3.937;;;;
Niederösterreich;31534;Pöggstall;M;2.445;;;;
Niederösterreich;31535;Raxendorf;M;1.052;;;;
Niederösterreich;31537;Ruprechtshofen;M;2.299;;;;
Niederösterreich;31539;St. Leonhard am Forst;M;2.989;;;;
Niederösterreich;31540;St. Martin-Karlsbach;M;1.654;;;;
Niederösterreich;31541;St. Oswald;;1.122;;;;
Niederösterreich;31542;Schönbühel-Aggsbach;M;968;;;;
Niederösterreich;31543;Schollach;;994;;;;
Niederösterreich;31546;Weiten;M;1.104;;;;
Niederösterreich;31549;Ybbs an der Donau;ST;5.637;;;;
Niederösterreich;31550;Zelking-Matzleinsdorf;;1.228;;;;
Niederösterreich;31551;Texingtal;;1.661;;;;
Niederösterreich;31552;Yspertal;M;1.986;;;;
Niederösterreich;31553;Emmersdorf an der Donau;M;1.766;;;;
Niederösterreich;31601;Altlichtenwarth;;785;;;;
Niederösterreich;31603;Asparn an der Zaya;M;1.870;;;;
Niederösterreich;31604;Bernhardsthal;M;1.585;;;;
Niederösterreich;31605;Bockfließ;M;1.330;;;;
Niederösterreich;31606;Drasenhofen;;1.113;;;;
Niederösterreich;31608;Falkenstein;M;475;;;;
Niederösterreich;31609;Fallbach;;821;;;;
Niederösterreich;31611;Gaubitsch;;885;;;;
Niederösterreich;31612;Gaweinstal;M;3.963;;;;
Niederösterreich;31613;Gnadendorf;;1.152;;;;
Niederösterreich;31614;Großebersdorf;M;2.219;;;;
Niederösterreich;31615;Großengersdorf;M;1.482;;;;
Niederösterreich;31616;Großharras;M;1.109;;;;
Niederösterreich;31617;Großkrut;M;1.590;;;;
Niederösterreich;31620;Hausbrunn;M;857;;;;
Niederösterreich;31621;Herrnbaumgarten;M;958;;;;
Niederösterreich;31622;Hochleithen;;1.159;;;;
Niederösterreich;31627;Kreuttal;;1.452;;;;
Niederösterreich;31628;Kreuzstetten;M;1.531;;;;
Niederösterreich;31629;Laa an der Thaya;ST;6.244;;;;
Niederösterreich;31630;Ladendorf;M;2.280;;;;
Niederösterreich;31633;Mistelbach;ST;11.471;;;;
Niederösterreich;31634;Neudorf bei Staatz;M;1.415;;;;
Niederösterreich;31636;Niederleis;;877;;;;
Niederösterreich;31642;Pillichsdorf;M;1.147;;;;
Niederösterreich;31644;Poysdorf;ST;5.528;;;;
Niederösterreich;31645;Rabensburg;M;1.107;;;;
Niederösterreich;31646;Schrattenberg;;817;;;;
Niederösterreich;31649;Staatz;M;1.935;;;;
Niederösterreich;31650;Stronsdorf;M;1.629;;;;
Niederösterreich;31651;Ulrichskirchen-Schleinbach;M;2.625;;;;
Niederösterreich;31652;Unterstinkenbrunn;;548;;;;
Niederösterreich;31653;Wildendürnbach;;1.564;;;;
Niederösterreich;31654;Wilfersdorf;M;2.161;;;;
Niederösterreich;31655;Wolkersdorf im Weinviertel;ST;7.258;;;;
Niederösterreich;31658;Ottenthal;;541;;;;
Niederösterreich;31701;Achau;;1.430;;;;
Niederösterreich;31702;Biedermannsdorf;M;3.116;;;;
Niederösterreich;31703;Breitenfurt bei Wien;M;5.873;;;;
Niederösterreich;31704;Brunn am Gebirge;M;11.924;;;;
Niederösterreich;31706;Gaaden;;1.653;;;;
Niederösterreich;31707;Gießhübl;;2.363;;;;
Niederösterreich;31709;Gumpoldskirchen;M;3.914;;;;
Niederösterreich;31710;Guntramsdorf;M;9.171;;;;
Niederösterreich;31711;Hennersdorf;;1.532;;;;
Niederösterreich;31712;Hinterbrühl;M;4.003;;;;
Niederösterreich;31713;Kaltenleutgeben;M;3.304;;;;
Niederösterreich;31714;Laab im Walde;;1.124;;;;
Niederösterreich;31715;Laxenburg;M;2.869;;;;
Niederösterreich;31716;Maria Enzersdorf;M;8.675;;;;
Niederösterreich;31717;Mödling;ST;20.570;;;;
Niederösterreich;31718;Münchendorf;;2.965;;;;
Niederösterreich;31719;Perchtoldsdorf;M;15.022;;;;
Niederösterreich;31723;Vösendorf;M;7.205;;;;
Niederösterreich;31725;Wiener Neudorf;M;9.433;;;;
Niederösterreich;31726;Wienerwald;;2.852;;;;
Niederösterreich;31801;Altendorf;;331;;;;
Niederösterreich;31802;Aspang-Markt;M;1.783;;;;
Niederösterreich;31803;Aspangberg-St. Peter;;1.895;;;;
Niederösterreich;31804;Breitenau;;1.582;;;;
Niederösterreich;31805;Breitenstein;;322;;;;
Niederösterreich;31806;Buchbach;;343;;;;
Niederösterreich;31807;Edlitz;M;909;;;;
Niederösterreich;31808;Enzenreith;;1.956;;;;
Niederösterreich;31809;Feistritz am Wechsel;;1.051;;;;
Niederösterreich;31810;Gloggnitz;ST;5.944;;;;
Niederösterreich;31811;Grafenbach-St. Valentin;M;2.178;;;;
Niederösterreich;31812;Grimmenstein;M;1.315;;;;
Niederösterreich;31813;Grünbach am Schneeberg;M;1.568;;;;
Niederösterreich;31814;Kirchberg am Wechsel;M;2.511;;;;
Niederösterreich;31815;Mönichkirchen;M;598;;;;
Niederösterreich;31817;Natschbach-Loipersbach;;1.721;;;;
Niederösterreich;31818;Neunkirchen;ST;12.709;;;;
Niederösterreich;31820;Otterthal;;584;;;;
Niederösterreich;31821;Payerbach;M;2.054;;;;
Niederösterreich;31823;Pitten;M;2.807;;;;
Niederösterreich;31825;Prigglitz;;427;;;;
Niederösterreich;31826;Puchberg am Schneeberg;M;2.706;;;;
Niederösterreich;31827;Raach am Hochgebirge;;309;;;;
Niederösterreich;31829;Reichenau an der Rax;M;2.524;;;;
Niederösterreich;31830;St. Corona am Wechsel;;390;;;;
Niederösterreich;31831;St. Egyden am Steinfeld;;1.979;;;;
Niederösterreich;31832;Scheiblingkirchen-Thernberg;M;1.881;;;;
Niederösterreich;31833;Schottwien;M;689;;;;
Niederösterreich;31834;Schrattenbach;;371;;;;
Niederösterreich;31835;Schwarzau am Steinfeld;;2.016;;;;
Niederösterreich;31836;Schwarzau im Gebirge;M;646;;;;
Niederösterreich;31837;Seebenstein;;1.450;;;;
Niederösterreich;31838;Semmering;;536;;;;
Niederösterreich;31839;Ternitz;ST;14.606;;;;
Niederösterreich;31840;Thomasberg;;1.267;;;;
Niederösterreich;31841;Trattenbach;;539;;;;
Niederösterreich;31842;Bürg-Vöstenhof;;170;;;;
Niederösterreich;31843;Warth;M;1.513;;;;
Niederösterreich;31844;Wartmannstetten;M;1.634;;;;
Niederösterreich;31845;Willendorf;;976;;;;
Niederösterreich;31846;Wimpassing im Schwarzatale;M;1.645;;;;
Niederösterreich;31847;Würflach;;1.585;;;;
Niederösterreich;31848;Zöbern;;1.397;;;;
Niederösterreich;31849;Höflein an der Hohen Wand;;874;;;;
Niederösterreich;31901;Altlengbach;M;2.987;;;;
Niederösterreich;31902;Asperhofen;M;2.212;;;;
Niederösterreich;31903;Böheimkirchen;M;5.059;;;;
Niederösterreich;31904;Brand-Laaben;;1.228;;;;
Niederösterreich;31905;Eichgraben;M;4.644;;;;
Niederösterreich;31906;Frankenfels;M;1.956;;;;
Niederösterreich;31907;Gerersdorf;;973;;;;
Niederösterreich;31909;Hofstetten-Grünau;M;2.674;;;;
Niederösterreich;31910;Hafnerbach;M;1.662;;;;
Niederösterreich;31911;Haunoldstein;;1.204;;;;
Niederösterreich;31912;Herzogenburg;ST;7.831;;;;
Niederösterreich;31913;Inzersdorf-Getzersdorf;;1.578;;;;
Niederösterreich;31915;Kapelln;M;1.388;;;;
Niederösterreich;31916;Karlstetten;M;2.182;;;;
Niederösterreich;31917;Kasten bei Böheimkirchen;;1.403;;;;
Niederösterreich;31918;Kirchberg an der Pielach;M;3.221;;;;
Niederösterreich;31919;Kirchstetten;M;2.183;;;;
Niederösterreich;31920;Loich;;593;;;;
Niederösterreich;31921;Maria-Anzbach;M;3.042;;;;
Niederösterreich;31922;Markersdorf-Haindorf;M;2.081;;;;
Niederösterreich;31923;Michelbach;M;893;;;;
Niederösterreich;31925;Neidling;M;1.472;;;;
Niederösterreich;31926;Neulengbach;ST;8.306;;;;
Niederösterreich;31927;Neustift-Innermanzing;;1.570;;;;
Niederösterreich;31928;Nußdorf ob der Traisen;M;1.772;;;;
Niederösterreich;31929;Ober-Grafendorf;M;4.567;;;;
Niederösterreich;31930;Obritzberg-Rust;M;2.319;;;;
Niederösterreich;31932;Prinzersdorf;M;1.596;;;;
Niederösterreich;31934;Pyhra;M;3.532;;;;
Niederösterreich;31935;Rabenstein an der Pielach;M;2.565;;;;
Niederösterreich;31938;St. Margarethen an der Sierning;;1.009;;;;
Niederösterreich;31939;Schwarzenbach an der Pielach;;375;;;;
Niederösterreich;31940;Statzendorf;;1.400;;;;
Niederösterreich;31941;Stössing;;850;;;;
Niederösterreich;31943;Traismauer;ST;6.204;;;;
Niederösterreich;31945;Weinburg;;1.369;;;;
Niederösterreich;31946;Perschling;;1.412;;;;
Niederösterreich;31947;Wilhelmsburg;ST;6.563;;;;
Niederösterreich;31948;Wölbling;M;2.527;;;;
Niederösterreich;31949;Gablitz;M;4.983;;;;
Niederösterreich;31950;Mauerbach;M;3.663;;;;
Niederösterreich;31951;Pressbaum;ST;7.770;;;;
Niederösterreich;31952;Purkersdorf;ST;9.713;;;;
Niederösterreich;31953;Tullnerbach;M;2.808;;;;
Niederösterreich;31954;Wolfsgraben;;1.705;;;;
Niederösterreich;32001;Gaming;M;3.059;;;;
Niederösterreich;32002;Göstling an der Ybbs;M;2.052;;;;
Niederösterreich;32003;Gresten;M;1.948;;;;
Niederösterreich;32004;Gresten-Land;;1.508;;;;
Niederösterreich;32005;Lunz am See;M;1.779;;;;
Niederösterreich;32006;Oberndorf an der Melk;M;2.982;;;;
Niederösterreich;32007;Puchenstuben;;300;;;;
Niederösterreich;32008;Purgstall an der Erlauf;M;5.350;;;;
Niederösterreich;32009;Randegg;M;1.892;;;;
Niederösterreich;32010;Reinsberg;;1.039;;;;
Niederösterreich;32011;St. Anton an der Jeßnitz;;1.199;;;;
Niederösterreich;32012;St. Georgen an der Leys;;1.342;;;;
Niederösterreich;32013;Scheibbs;ST;4.132;;;;
Niederösterreich;32014;Steinakirchen am Forst;M;2.266;;;;
Niederösterreich;32015;Wang;M;1.363;;;;
Niederösterreich;32016;Wieselburg;ST;4.193;;;;
Niederösterreich;32017;Wieselburg-Land;;3.379;;;;
Niederösterreich;32018;Wolfpassing;;1.620;;;;
Niederösterreich;32101;Absdorf;M;2.104;;;;
Niederösterreich;32104;Atzenbrugg;M;3.043;;;;
Niederösterreich;32106;Fels am Wagram;M;2.332;;;;
Niederösterreich;32107;Grafenwörth;M;3.195;;;;
Niederösterreich;32109;Großriedenthal;;920;;;;
Niederösterreich;32110;Großweikersdorf;M;3.197;;;;
Niederösterreich;32112;Judenau-Baumgarten;M;2.249;;;;
Niederösterreich;32114;Kirchberg am Wagram;M;3.658;;;;
Niederösterreich;32115;Königsbrunn am Wagram;M;1.335;;;;
Niederösterreich;32116;Königstetten;M;2.511;;;;
Niederösterreich;32119;Langenrohr;M;2.377;;;;
Niederösterreich;32120;Michelhausen;M;3.270;;;;
Niederösterreich;32131;Sieghartskirchen;M;7.542;;;;
Niederösterreich;32132;Sitzenberg-Reidling;;2.185;;;;
Niederösterreich;32134;Tulbing;M;3.025;;;;
Niederösterreich;32135;Tulln an der Donau;ST;16.144;;;;
Niederösterreich;32139;Würmla;M;1.435;;;;
Niederösterreich;32140;Zeiselmauer-Wolfpassing;;2.309;;;;
Niederösterreich;32141;Zwentendorf an der Donau;M;4.076;;;;
Niederösterreich;32142;St. Andrä-Wördern;M;7.845;;;;
Niederösterreich;32143;Muckendorf-Wipfing;;1.651;;;;
Niederösterreich;32144;Klosterneuburg;ST;27.368;;;;
Niederösterreich;32202;Dietmanns;M;1.052;;;;
Niederösterreich;32203;Dobersberg;M;1.606;;;;
Niederösterreich;32206;Gastern;M;1.206;;;;
Niederösterreich;32207;Groß-Siegharts;ST;2.735;;;;
Niederösterreich;32209;Karlstein an der Thaya;M;1.470;;;;
Niederösterreich;32210;Kautzen;M;1.117;;;;
Niederösterreich;32212;Ludweis-Aigen;M;897;;;;
Niederösterreich;32214;Pfaffenschlag bei Waidhofen a.d.Thaya;;923;;;;
Niederösterreich;32216;Raabs an der Thaya;ST;2.644;;;;
Niederösterreich;32217;Thaya;M;1.386;;;;
Niederösterreich;32219;Vitis;M;2.689;;;;
Niederösterreich;32220;Waidhofen an der Thaya;ST;5.459;;;;
Niederösterreich;32221;Waidhofen an der Thaya-Land;;1.254;;;;
Niederösterreich;32222;Waldkirchen an der Thaya;M;522;;;;
Niederösterreich;32223;Windigsteig;M;928;;;;
Niederösterreich;32301;Bad Fischau-Brunn;M;3.426;;;;
Niederösterreich;32302;Bad Schönau;;730;;;;
Niederösterreich;32304;Ebenfurth;ST;3.179;;;;
Niederösterreich;32305;Eggendorf;;4.863;;;;
Niederösterreich;32306;Bad Erlach;M;3.108;;;;
Niederösterreich;32307;Felixdorf;M;4.349;;;;
Niederösterreich;32308;Gutenstein;M;1.261;;;;
Niederösterreich;32309;Hochneukirchen-Gschaidt;M;1.635;;;;
Niederösterreich;32310;Hochwolkersdorf;;1.002;;;;
Niederösterreich;32311;Hohe Wand;;1.410;;;;
Niederösterreich;32312;Hollenthon;;997;;;;
Niederösterreich;32313;Katzelsdorf;;3.228;;;;
Niederösterreich;32314;Kirchschlag in der Buckligen Welt;ST;2.864;;;;
Niederösterreich;32315;Krumbach;M;2.277;;;;
Niederösterreich;32316;Lanzenkirchen;M;3.995;;;;
Niederösterreich;32317;Lichtenegg;;1.043;;;;
Niederösterreich;32318;Lichtenwörth;M;2.755;;;;
Niederösterreich;32319;Markt Piesting;M;3.026;;;;
Niederösterreich;32320;Matzendorf-Hölles;;2.069;;;;
Niederösterreich;32321;Miesenbach;;684;;;;
Niederösterreich;32322;Muggendorf;;521;;;;
Niederösterreich;32323;Pernitz;M;2.495;;;;
Niederösterreich;32324;Rohr im Gebirge;;459;;;;
Niederösterreich;32325;Bromberg;M;1.215;;;;
Niederösterreich;32326;Schwarzenbach;M;927;;;;
Niederösterreich;32327;Sollenau;M;5.147;;;;
Niederösterreich;32330;Theresienfeld;M;3.631;;;;
Niederösterreich;32331;Waidmannsfeld;;1.506;;;;
Niederösterreich;32332;Waldegg;M;2.062;;;;
Niederösterreich;32333;Walpersbach;;1.127;;;;
Niederösterreich;32334;Weikersdorf am Steinfelde;;1.061;;;;
Niederösterreich;32335;Wiesmath;M;1.497;;;;
Niederösterreich;32336;Winzendorf-Muthmannsdorf;M;1.873;;;;
Niederösterreich;32337;Wöllersdorf-Steinabrückl;M;4.544;;;;
Niederösterreich;32338;Zillingdorf;M;2.025;;;;
Niederösterreich;32501;Allentsteig;ST;1.808;;;;
Niederösterreich;32502;Arbesbach;M;1.623;;;;
Niederösterreich;32503;Bärnkopf;;355;;;;
Niederösterreich;32504;Echsenbach;M;1.258;;;;
Niederösterreich;32505;Göpfritz an der Wild;M;1.823;;;;
Niederösterreich;32506;Grafenschlag;M;870;;;;
Niederösterreich;32508;Groß Gerungs;ST;4.475;;;;
Niederösterreich;32509;Großgöttfritz;M;1.378;;;;
Niederösterreich;32511;Gutenbrunn;M;516;;;;
Niederösterreich;32514;Kirchschlag;M;618;;;;
Niederösterreich;32515;Kottes-Purk;M;1.475;;;;
Niederösterreich;32516;Langschlag;M;1.755;;;;
Niederösterreich;32517;Martinsberg;M;1.094;;;;
Niederösterreich;32518;Ottenschlag;M;992;;;;
Niederösterreich;32519;Altmelon;M;849;;;;
Niederösterreich;32520;Pölla;M;926;;;;
Niederösterreich;32521;Rappottenstein;M;1.718;;;;
Niederösterreich;32522;Sallingberg;M;1.287;;;;
Niederösterreich;32523;Schönbach;M;783;;;;
Niederösterreich;32524;Schwarzenau;M;1.505;;;;
Niederösterreich;32525;Schweiggers;M;2.000;;;;
Niederösterreich;32528;Bad Traunstein;M;1.020;;;;
Niederösterreich;32529;Waldhausen;M;1.209;;;;
Niederösterreich;32530;Zwettl-Niederösterreich;ST;10.885;;;;
Oberösterreich;40101;Linz;SR;205.726;;;;
Oberösterreich;40201;Steyr;SR;38.193;;;;
Oberösterreich;40301;Wels;SR;61.727;;;;
Oberösterreich;40401;Altheim;ST;4.933;;;;
Oberösterreich;40402;Aspach;M;2.605;;;;
Oberösterreich;40403;Auerbach;;606;;;;
Oberösterreich;40404;Braunau am Inn;ST;17.228;;;;
Oberösterreich;40405;Burgkirchen;;2.717;;;;
Oberösterreich;40406;Eggelsberg;M;2.429;;;;
Oberösterreich;40407;Feldkirchen bei Mattighofen;;1.990;;;;
Oberösterreich;40408;Franking;;1.002;;;;
Oberösterreich;40409;Geretsberg;;1.174;;;;
Oberösterreich;40410;Gilgenberg am Weilhart;;1.336;;;;
Oberösterreich;40411;Haigermoos;;629;;;;
Oberösterreich;40412;Handenberg;;1.304;;;;
Oberösterreich;40413;Helpfau-Uttendorf;M;3.646;;;;
Oberösterreich;40414;Hochburg-Ach;;3.253;;;;
Oberösterreich;40415;Höhnhart;;1.403;;;;
Oberösterreich;40416;Jeging;;691;;;;
Oberösterreich;40417;Kirchberg bei Mattighofen;;1.194;;;;
Oberösterreich;40418;Lengau;;4.742;;;;
Oberösterreich;40419;Lochen am See;;2.775;;;;
Oberösterreich;40420;Maria Schmolln;;1.402;;;;
Oberösterreich;40421;Mattighofen;ST;6.740;;;;
Oberösterreich;40422;Mauerkirchen;M;2.534;;;;
Oberösterreich;40423;Mining;;1.225;;;;
Oberösterreich;40424;Moosbach;;1.051;;;;
Oberösterreich;40425;Moosdorf;;1.684;;;;
Oberösterreich;40426;Munderfing;;3.106;;;;
Oberösterreich;40427;Neukirchen an der Enknach;;2.250;;;;
Oberösterreich;40428;Ostermiething;M;3.296;;;;
Oberösterreich;40429;Palting;;963;;;;
Oberösterreich;40430;Perwang am Grabensee;;1.005;;;;
Oberösterreich;40431;Pfaffstätt;;1.113;;;;
Oberösterreich;40432;Pischelsdorf am Engelbach;;1.675;;;;
Oberösterreich;40433;Polling im Innkreis;;988;;;;
Oberösterreich;40434;Roßbach;;929;;;;
Oberösterreich;40435;St. Georgen am Fillmannsbach;;401;;;;
Oberösterreich;40436;St. Johann am Walde;;2.046;;;;
Oberösterreich;40437;St. Pantaleon;;3.154;;;;
Oberösterreich;40438;St. Peter am Hart;;2.430;;;;
Oberösterreich;40439;St. Radegund;;597;;;;
Oberösterreich;40440;St. Veit im Innkreis;;407;;;;
Oberösterreich;40441;Schalchen;;3.932;;;;
Oberösterreich;40442;Schwand im Innkreis;;996;;;;
Oberösterreich;40443;Tarsdorf;;2.059;;;;
Oberösterreich;40444;Treubach;;725;;;;
Oberösterreich;40445;Überackern;;676;;;;
Oberösterreich;40446;Weng im Innkreis;;1.367;;;;
Oberösterreich;40501;Alkoven;;6.087;;;;
Oberösterreich;40502;Aschach an der Donau;M;2.197;;;;
Oberösterreich;40503;Eferding;ST;4.127;;;;
Oberösterreich;40504;Fraham;;2.397;;;;
Oberösterreich;40505;Haibach ob der Donau;;1.314;;;;
Oberösterreich;40506;Hartkirchen;;4.067;;;;
Oberösterreich;40507;Hinzenbach;;2.051;;;;
Oberösterreich;40508;Prambachkirchen;M;2.932;;;;
Oberösterreich;40509;Pupping;;1.816;;;;
Oberösterreich;40510;St. Marienkirchen an der Polsenz;M;2.337;;;;
Oberösterreich;40511;Scharten;;2.245;;;;
Oberösterreich;40512;Stroheim;;1.586;;;;
Oberösterreich;40601;Freistadt;ST;7.960;;;;
Oberösterreich;40602;Grünbach;;1.924;;;;
Oberösterreich;40603;Gutau;M;2.672;;;;
Oberösterreich;40604;Hagenberg im Mühlkreis;M;2.751;;;;
Oberösterreich;40605;Hirschbach im Mühlkreis;;1.202;;;;
Oberösterreich;40606;Kaltenberg;;622;;;;
Oberösterreich;40607;Kefermarkt;M;2.138;;;;
Oberösterreich;40608;Königswiesen;M;3.091;;;;
Oberösterreich;40609;Lasberg;M;2.796;;;;
Oberösterreich;40610;Leopoldschlag;M;1.015;;;;
Oberösterreich;40611;Liebenau;M;1.585;;;;
Oberösterreich;40612;Neumarkt im Mühlkreis;M;3.163;;;;
Oberösterreich;40613;Pierbach;;1.016;;;;
Oberösterreich;40614;Pregarten;ST;5.422;;;;
Oberösterreich;40615;Rainbach im Mühlkreis;M;2.989;;;;
Oberösterreich;40616;Sandl;;1.413;;;;
Oberösterreich;40617;St. Leonhard bei Freistadt;M;1.388;;;;
Oberösterreich;40618;St. Oswald bei Freistadt;M;2.906;;;;
Oberösterreich;40619;Schönau im Mühlkreis;;1.949;;;;
Oberösterreich;40620;Tragwein;M;3.099;;;;
Oberösterreich;40621;Unterweißenbach;M;2.174;;;;
Oberösterreich;40622;Unterweitersdorf;;2.161;;;;
Oberösterreich;40623;Waldburg;;1.382;;;;
Oberösterreich;40624;Wartberg ob der Aist;M;4.276;;;;
Oberösterreich;40625;Weitersfelden;M;1.047;;;;
Oberösterreich;40626;Windhaag bei Freistadt;M;1.567;;;;
Oberösterreich;40627;Bad Zell;M;2.913;;;;
Oberösterreich;40701;Altmünster;M;9.782;;;;
Oberösterreich;40702;Bad Goisern am Hallstättersee;M;7.567;;;;
Oberösterreich;40703;Bad Ischl;ST;14.126;;;;
Oberösterreich;40704;Ebensee am Traunsee;M;7.670;;;;
Oberösterreich;40705;Gmunden;ST;13.158;;;;
Oberösterreich;40706;Gosau;;1.787;;;;
Oberösterreich;40707;Grünau im Almtal;;2.058;;;;
Oberösterreich;40708;Gschwandt;;2.774;;;;
Oberösterreich;40709;Hallstatt;M;754;;;;
Oberösterreich;40710;Kirchham;;2.173;;;;
Oberösterreich;40711;Laakirchen;ST;9.841;;;;
Oberösterreich;40712;Obertraun;;735;;;;
Oberösterreich;40713;Ohlsdorf;;5.243;;;;
Oberösterreich;40714;Pinsdorf;;4.003;;;;
Oberösterreich;40715;Roitham am Traunfall;;2.006;;;;
Oberösterreich;40716;St. Konrad;;1.128;;;;
Oberösterreich;40717;St. Wolfgang im Salzkammergut;M;2.757;;;;
Oberösterreich;40718;Traunkirchen;;1.660;;;;
Oberösterreich;40719;Scharnstein;M;4.890;;;;
Oberösterreich;40720;Vorchdorf;M;7.519;;;;
Oberösterreich;40801;Aistersheim;;902;;;;
Oberösterreich;40802;Bad Schallerbach;M;4.219;;;;
Oberösterreich;40804;Eschenau im Hausruckkreis;;1.061;;;;
Oberösterreich;40805;Gallspach;M;2.728;;;;
Oberösterreich;40806;Gaspoltshofen;M;3.581;;;;
Oberösterreich;40807;Geboltskirchen;;1.448;;;;
Oberösterreich;40808;Grieskirchen;ST;4.957;;;;
Oberösterreich;40809;Haag am Hausruck;M;2.208;;;;
Oberösterreich;40810;Heiligenberg;;698;;;;
Oberösterreich;40811;Hofkirchen an der Trattnach;M;1.663;;;;
Oberösterreich;40812;Kallham;;2.492;;;;
Oberösterreich;40813;Kematen am Innbach;M;1.402;;;;
Oberösterreich;40814;Meggenhofen;;1.533;;;;
Oberösterreich;40815;Michaelnbach;;1.274;;;;
Oberösterreich;40816;Natternbach;M;2.301;;;;
Oberösterreich;40817;Neukirchen am Walde;M;1.633;;;;
Oberösterreich;40818;Neumarkt im Hausruckkreis;M;1.440;;;;
Oberösterreich;40835;Peuerbach;ST;4.531;;;;
Oberösterreich;40820;Pötting;;540;;;;
Oberösterreich;40821;Pollham;;974;;;;
Oberösterreich;40822;Pram;M;1.702;;;;
Oberösterreich;40823;Rottenbach;;1.108;;;;
Oberösterreich;40824;St. Agatha;;2.120;;;;
Oberösterreich;40825;St. Georgen bei Grieskirchen;;1.332;;;;
Oberösterreich;40826;St. Thomas;;548;;;;
Oberösterreich;40827;Schlüßlberg;M;3.050;;;;
Oberösterreich;40828;Steegen;;1.071;;;;
Oberösterreich;40829;Taufkirchen an der Trattnach;M;1.964;;;;
Oberösterreich;40830;Tollet;;924;;;;
Oberösterreich;40831;Waizenkirchen;M;3.735;;;;
Oberösterreich;40832;Wallern an der Trattnach;M;3.018;;;;
Oberösterreich;40833;Weibern;;1.715;;;;
Oberösterreich;40834;Wendling;;849;;;;
Oberösterreich;40901;Edlbach;;655;;;;
Oberösterreich;40902;Grünburg;;3.855;;;;
Oberösterreich;40903;Hinterstoder;;906;;;;
Oberösterreich;40904;Inzersdorf im Kremstal;;1.875;;;;
Oberösterreich;40905;Kirchdorf an der Krems;ST;4.503;;;;
Oberösterreich;40906;Klaus an der Pyhrnbahn;;1.051;;;;
Oberösterreich;40907;Kremsmünster;M;6.578;;;;
Oberösterreich;40908;Micheldorf in Oberösterreich;M;5.888;;;;
Oberösterreich;40909;Molln;M;3.648;;;;
Oberösterreich;40910;Nußbach;;2.289;;;;
Oberösterreich;40911;Oberschlierbach;;491;;;;
Oberösterreich;40912;Pettenbach;M;5.303;;;;
Oberösterreich;40913;Ried im Traunkreis;;2.724;;;;
Oberösterreich;40914;Rosenau am Hengstpaß;;665;;;;
Oberösterreich;40915;Roßleithen;;1.908;;;;
Oberösterreich;40916;St. Pankraz;;363;;;;
Oberösterreich;40917;Schlierbach;;2.871;;;;
Oberösterreich;40918;Spital am Pyhrn;;2.234;;;;
Oberösterreich;40919;Steinbach am Ziehberg;;841;;;;
Oberösterreich;40920;Steinbach an der Steyr;;1.993;;;;
Oberösterreich;40921;Vorderstoder;;818;;;;
Oberösterreich;40922;Wartberg an der Krems;M;2.995;;;;
Oberösterreich;40923;Windischgarsten;M;2.412;;;;
Oberösterreich;41001;Allhaming;;1.176;;;;
Oberösterreich;41002;Ansfelden;ST;16.654;;;;
Oberösterreich;41003;Asten;M;6.690;;;;
Oberösterreich;41004;Eggendorf im Traunkreis;;950;;;;
Oberösterreich;41005;Enns;ST;12.035;;;;
Oberösterreich;41006;Hargelsberg;;1.388;;;;
Oberösterreich;41007;Hörsching;M;6.134;;;;
Oberösterreich;41008;Hofkirchen im Traunkreis;;1.896;;;;
Oberösterreich;41009;Kematen an der Krems;;2.857;;;;
Oberösterreich;41010;Kirchberg-Thening;;2.414;;;;
Oberösterreich;41011;Kronstorf;M;3.508;;;;
Oberösterreich;41012;Leonding;ST;28.795;;;;
Oberösterreich;41013;St. Florian;M;6.185;;;;
Oberösterreich;41014;Neuhofen an der Krems;M;6.521;;;;
Oberösterreich;41015;Niederneukirchen;;2.096;;;;
Oberösterreich;41016;Oftering;;2.125;;;;
Oberösterreich;41017;Pasching;;7.607;;;;
Oberösterreich;41018;Piberbach;;1.888;;;;
Oberösterreich;41019;Pucking;M;3.971;;;;
Oberösterreich;41020;St. Marien;;4.785;;;;
Oberösterreich;41021;Traun;ST;24.650;;;;
Oberösterreich;41022;Wilhering;M;5.948;;;;
Oberösterreich;41101;Allerheiligen im Mühlkreis;;1.280;;;;
Oberösterreich;41102;Arbing;;1.480;;;;
Oberösterreich;41103;Baumgartenberg;M;1.750;;;;
Oberösterreich;41104;Dimbach;M;991;;;;
Oberösterreich;41105;Grein;ST;2.902;;;;
Oberösterreich;41106;Katsdorf;;3.140;;;;
Oberösterreich;41107;Klam;M;938;;;;
Oberösterreich;41108;Bad Kreuzen;M;2.225;;;;
Oberösterreich;41109;Langenstein;;2.529;;;;
Oberösterreich;41110;Luftenberg an der Donau;M;4.207;;;;
Oberösterreich;41111;Mauthausen;M;4.890;;;;
Oberösterreich;41112;Mitterkirchen im Machland;M;1.720;;;;
Oberösterreich;41113;Münzbach;M;1.827;;;;
Oberösterreich;41114;Naarn im Machlande;M;3.711;;;;
Oberösterreich;41115;Pabneukirchen;M;1.702;;;;
Oberösterreich;41116;Perg;ST;8.642;;;;
Oberösterreich;41117;Rechberg;;1.002;;;;
Oberösterreich;41118;Ried in der Riedmark;M;4.259;;;;
Oberösterreich;41119;St. Georgen am Walde;M;1.955;;;;
Oberösterreich;41120;St. Georgen an der Gusen;M;4.177;;;;
Oberösterreich;41121;St. Nikola an der Donau;M;779;;;;
Oberösterreich;41122;St. Thomas am Blasenstein;M;924;;;;
Oberösterreich;41123;Saxen;M;1.770;;;;
Oberösterreich;41124;Schwertberg;M;5.277;;;;
Oberösterreich;41125;Waldhausen im Strudengau;M;2.882;;;;
Oberösterreich;41126;Windhaag bei Perg;;1.500;;;;
Oberösterreich;41201;Andrichsfurt;;777;;;;
Oberösterreich;41202;Antiesenhofen;;1.092;;;;
Oberösterreich;41203;Aurolzmünster;M;3.035;;;;
Oberösterreich;41204;Eberschwang;M;3.414;;;;
Oberösterreich;41205;Eitzing;;811;;;;
Oberösterreich;41206;Geiersberg;;502;;;;
Oberösterreich;41207;Geinberg;;1.396;;;;
Oberösterreich;41208;Gurten;;1.198;;;;
Oberösterreich;41209;Hohenzell;;2.263;;;;
Oberösterreich;41210;Kirchdorf am Inn;;654;;;;
Oberösterreich;41211;Kirchheim im Innkreis;;724;;;;
Oberösterreich;41212;Lambrechten;;1.318;;;;
Oberösterreich;41213;Lohnsburg am Kobernaußerwald;M;2.244;;;;
Oberösterreich;41214;Mehrnbach;;2.361;;;;
Oberösterreich;41215;Mettmach;M;2.353;;;;
Oberösterreich;41216;Mörschwang;;335;;;;
Oberösterreich;41217;Mühlheim am Inn;;669;;;;
Oberösterreich;41218;Neuhofen im Innkreis;;2.449;;;;
Oberösterreich;41219;Obernberg am Inn;M;1.661;;;;
Oberösterreich;41220;Ort im Innkreis;;1.269;;;;
Oberösterreich;41221;Pattigham;;962;;;;
Oberösterreich;41222;Peterskirchen;;701;;;;
Oberösterreich;41223;Pramet;;1.016;;;;
Oberösterreich;41224;Reichersberg;M;1.518;;;;
Oberösterreich;41225;Ried im Innkreis;ST;12.055;;;;
Oberösterreich;41226;St. Georgen bei Obernberg am Inn;;566;;;;
Oberösterreich;41227;St. Marienkirchen am Hausruck;;870;;;;
Oberösterreich;41228;St. Martin im Innkreis;M;2.046;;;;
Oberösterreich;41229;Schildorn;;1.215;;;;
Oberösterreich;41230;Senftenbach;;778;;;;
Oberösterreich;41231;Taiskirchen im Innkreis;M;2.401;;;;
Oberösterreich;41232;Tumeltsham;;1.594;;;;
Oberösterreich;41233;Utzenaich;;1.553;;;;
Oberösterreich;41234;Waldzell;;2.209;;;;
Oberösterreich;41235;Weilbach;;622;;;;
Oberösterreich;41236;Wippenham;;573;;;;
Oberösterreich;41304;Altenfelden;M;2.230;;;;
Oberösterreich;41305;Arnreit;;1.152;;;;
Oberösterreich;41306;Atzesberg;;440;;;;
Oberösterreich;41307;Auberg;;558;;;;
Oberösterreich;41309;Haslach an der Mühl;M;2.540;;;;
Oberösterreich;41311;Hörbich;;406;;;;
Oberösterreich;41312;Hofkirchen im Mühlkreis;M;1.516;;;;
Oberösterreich;41313;Julbach;;1.552;;;;
Oberösterreich;41314;Kirchberg ob der Donau;;1.045;;;;
Oberösterreich;41315;Klaffer am Hochficht;;1.292;;;;
Oberösterreich;41316;Kleinzell im Mühlkreis;;1.596;;;;
Oberösterreich;41317;Kollerschlag;M;1.502;;;;
Oberösterreich;41318;Lembach im Mühlkreis;M;1.538;;;;
Oberösterreich;41319;Lichtenau im Mühlkreis;;490;;;;
Oberösterreich;41320;Nebelberg;;638;;;;
Oberösterreich;41321;Neufelden;M;1.281;;;;
Oberösterreich;41322;Niederkappel;;991;;;;
Oberösterreich;41323;Niederwaldkirchen;M;1.847;;;;
Oberösterreich;41324;Oberkappel;M;712;;;;
Oberösterreich;41325;Oepping;;1.523;;;;
Oberösterreich;41326;Peilstein im Mühlviertel;M;1.543;;;;
Oberösterreich;41327;Pfarrkirchen im Mühlkreis;;1.465;;;;
Oberösterreich;41328;Putzleinsdorf;M;1.538;;;;
Oberösterreich;41329;Neustift im Mühlkreis;;1.464;;;;
Oberösterreich;41331;St. Johann am Wimberg;;1.016;;;;
Oberösterreich;41332;St. Martin im Mühlkreis;M;3.778;;;;
Oberösterreich;41333;St. Oswald bei Haslach;;503;;;;
Oberösterreich;41334;St. Peter am Wimberg;M;1.762;;;;
Oberösterreich;41336;St. Ulrich im Mühlkreis;;637;;;;
Oberösterreich;41337;St. Veit im Mühlkreis;;1.227;;;;
Oberösterreich;41338;Sarleinsbach;M;2.276;;;;
Oberösterreich;41341;Schwarzenberg am Böhmerwald;;577;;;;
Oberösterreich;41342;Ulrichsberg;M;2.829;;;;
Oberösterreich;41343;Aigen-Schlägl;M;3.216;;;;
Oberösterreich;41344;Rohrbach-Berg;ST;5.160;;;;
Oberösterreich;41345;Helfenberg;;1.584;;;;
Oberösterreich;41346;St. Stefan-Afiesl;;1.100;;;;
Oberösterreich;41401;Altschwendt;;697;;;;
Oberösterreich;41402;Andorf;M;5.204;;;;
Oberösterreich;41403;Brunnenthal;;2.073;;;;
Oberösterreich;41404;Diersbach;;1.594;;;;
Oberösterreich;41405;Dorf an der Pram;;1.048;;;;
Oberösterreich;41406;Eggerding;;1.321;;;;
Oberösterreich;41407;Engelhartszell;M;924;;;;
Oberösterreich;41408;Enzenkirchen;;1.774;;;;
Oberösterreich;41409;Esternberg;;2.857;;;;
Oberösterreich;41410;Freinberg;;1.452;;;;
Oberösterreich;41411;Kopfing im Innkreis;M;2.002;;;;
Oberösterreich;41412;Mayrhof;;330;;;;
Oberösterreich;41413;Münzkirchen;M;2.560;;;;
Oberösterreich;41414;Raab;M;2.276;;;;
Oberösterreich;41415;Rainbach im Innkreis;;1.485;;;;
Oberösterreich;41416;Riedau;M;2.072;;;;
Oberösterreich;41417;St. Aegidi;;1.548;;;;
Oberösterreich;41418;St. Florian am Inn;M;3.183;;;;
Oberösterreich;41419;St. Marienkirchen bei Schärding;;1.893;;;;
Oberösterreich;41420;St. Roman;;1.714;;;;
Oberösterreich;41421;St. Willibald;;1.094;;;;
Oberösterreich;41422;Schärding;ST;5.220;;;;
Oberösterreich;41423;Schardenberg;M;2.438;;;;
Oberösterreich;41424;Sigharting;;825;;;;
Oberösterreich;41425;Suben;;1.468;;;;
Oberösterreich;41426;Taufkirchen an der Pram;M;2.894;;;;
Oberösterreich;41427;Vichtenstein;;619;;;;
Oberösterreich;41428;Waldkirchen am Wesen;;1.197;;;;
Oberösterreich;41429;Wernstein am Inn;;1.526;;;;
Oberösterreich;41430;Zell an der Pram;;2.019;;;;
Oberösterreich;41501;Adlwang;;1.876;;;;
Oberösterreich;41502;Aschach an der Steyr;;2.287;;;;
Oberösterreich;41503;Bad Hall;ST;5.375;;;;
Oberösterreich;41504;Dietach;;3.240;;;;
Oberösterreich;41505;Gaflenz;M;1.950;;;;
Oberösterreich;41506;Garsten;M;6.644;;;;
Oberösterreich;41507;Großraming;;2.674;;;;
Oberösterreich;41508;Laussa;;1.251;;;;
Oberösterreich;41509;Losenstein;;1.603;;;;
Oberösterreich;41510;Maria Neustift;;1.605;;;;
Oberösterreich;41511;Pfarrkirchen bei Bad Hall;;2.284;;;;
Oberösterreich;41512;Reichraming;;1.705;;;;
Oberösterreich;41513;Rohr im Kremstal;;1.404;;;;
Oberösterreich;41514;St. Ulrich bei Steyr;;3.022;;;;
Oberösterreich;41515;Schiedlberg;;1.218;;;;
Oberösterreich;41516;Sierning;M;9.329;;;;
Oberösterreich;41517;Ternberg;M;3.406;;;;
Oberösterreich;41518;Waldneukirchen;;2.194;;;;
Oberösterreich;41521;Wolfern;M;3.163;;;;
Oberösterreich;41522;Weyer;M;4.197;;;;
Oberösterreich;41601;Alberndorf in der Riedmark;;4.142;;;;
Oberösterreich;41602;Altenberg bei Linz;M;4.601;;;;
Oberösterreich;41603;Bad Leonfelden;ST;4.245;;;;
Oberösterreich;41604;Eidenberg;;2.097;;;;
Oberösterreich;41605;Engerwitzdorf;;8.811;;;;
Oberösterreich;41606;Feldkirchen an der Donau;M;5.380;;;;
Oberösterreich;41607;Gallneukirchen;ST;6.503;;;;
Oberösterreich;41608;Goldwörth;;835;;;;
Oberösterreich;41609;Gramastetten;M;5.136;;;;
Oberösterreich;41610;Haibach im Mühlkreis;;919;;;;
Oberösterreich;41611;Hellmonsödt;M;2.337;;;;
Oberösterreich;41612;Herzogsdorf;M;2.571;;;;
Oberösterreich;41613;Kirchschlag bei Linz;;2.174;;;;
Oberösterreich;41614;Lichtenberg;;2.667;;;;
Oberösterreich;41615;Oberneukirchen;M;3.191;;;;
Oberösterreich;41616;Ottenschlag im Mühlkreis;;544;;;;
Oberösterreich;41617;Ottensheim;M;4.767;;;;
Oberösterreich;41618;Puchenau;;4.453;;;;
Oberösterreich;41619;Reichenau im Mühlkreis;M;1.302;;;;
Oberösterreich;41620;Reichenthal;M;1.519;;;;
Oberösterreich;41621;St. Gotthard im Mühlkreis;;1.304;;;;
Oberösterreich;41622;Schenkenfelden;M;1.587;;;;
Oberösterreich;41623;Sonnberg im Mühlkreis;;995;;;;
Oberösterreich;41624;Steyregg;ST;4.888;;;;
Oberösterreich;41628;Vorderweißenbach;M;2.640;;;;
Oberösterreich;41626;Walding;M;4.144;;;;
Oberösterreich;41627;Zwettl an der Rodl;M;1.753;;;;
Oberösterreich;41701;Ampflwang im Hausruckwald;M;3.350;;;;
Oberösterreich;41702;Attersee am Attersee;;1.583;;;;
Oberösterreich;41703;Attnang-Puchheim;ST;9.042;;;;
Oberösterreich;41704;Atzbach;;1.207;;;;
Oberösterreich;41705;Aurach am Hongar;;1.729;;;;
Oberösterreich;41706;Berg im Attergau;;1.059;;;;
Oberösterreich;41707;Desselbrunn;;1.833;;;;
Oberösterreich;41708;Fornach;;987;;;;
Oberösterreich;41709;Frankenburg am Hausruck;M;4.889;;;;
Oberösterreich;41710;Frankenmarkt;M;3.665;;;;
Oberösterreich;41711;Gampern;;2.965;;;;
Oberösterreich;41712;Innerschwand am Mondsee;;1.176;;;;
Oberösterreich;41713;Lenzing;M;5.159;;;;
Oberösterreich;41714;Manning;;800;;;;
Oberösterreich;41715;Mondsee;M;3.777;;;;
Oberösterreich;41716;Neukirchen an der Vöckla;;2.623;;;;
Oberösterreich;41717;Niederthalheim;;1.117;;;;
Oberösterreich;41718;Nußdorf am Attersee;;1.126;;;;
Oberösterreich;41719;Oberhofen am Irrsee;;1.666;;;;
Oberösterreich;41720;Oberndorf bei Schwanenstadt;;1.375;;;;
Oberösterreich;41721;Oberwang;;1.742;;;;
Oberösterreich;41722;Ottnang am Hausruck;M;3.952;;;;
Oberösterreich;41723;Pfaffing;;1.467;;;;
Oberösterreich;41724;Pilsbach;;621;;;;
Oberösterreich;41725;Pitzenberg;;533;;;;
Oberösterreich;41726;Pöndorf;;2.408;;;;
Oberösterreich;41727;Puchkirchen am Trattberg;;1.080;;;;
Oberösterreich;41728;Pühret;;614;;;;
Oberösterreich;41729;Redleiten;;534;;;;
Oberösterreich;41730;Redlham;;1.596;;;;
Oberösterreich;41731;Regau;M;6.700;;;;
Oberösterreich;41732;Rüstorf;;2.103;;;;
Oberösterreich;41733;Rutzenham;;296;;;;
Oberösterreich;41734;St. Georgen im Attergau;M;4.440;;;;
Oberösterreich;41735;St. Lorenz;;2.516;;;;
Oberösterreich;41736;Schlatt;;1.368;;;;
Oberösterreich;41737;Schörfling am Attersee;M;3.459;;;;
Oberösterreich;41738;Schwanenstadt;ST;4.390;;;;
Oberösterreich;41739;Seewalchen am Attersee;M;5.635;;;;
Oberösterreich;41740;Steinbach am Attersee;;882;;;;
Oberösterreich;41741;Straß im Attergau;;1.492;;;;
Oberösterreich;41742;Tiefgraben;;3.987;;;;
Oberösterreich;41743;Timelkam;M;5.672;;;;
Oberösterreich;41744;Ungenach;;1.500;;;;
Oberösterreich;41745;Unterach am Attersee;;1.462;;;;
Oberösterreich;41746;Vöcklabruck;ST;12.324;;;;
Oberösterreich;41747;Vöcklamarkt;M;4.950;;;;
Oberösterreich;41748;Weißenkirchen im Attergau;;970;;;;
Oberösterreich;41749;Weyregg am Attersee;;1.589;;;;
Oberösterreich;41750;Wolfsegg am Hausruck;M;1.984;;;;
Oberösterreich;41751;Zell am Moos;;1.610;;;;
Oberösterreich;41752;Zell am Pettenfirst;;1.249;;;;
Oberösterreich;41801;Aichkirchen;;594;;;;
Oberösterreich;41802;Bachmanning;;721;;;;
Oberösterreich;41803;Bad Wimsbach-Neydharting;M;2.566;;;;
Oberösterreich;41804;Buchkirchen;M;4.065;;;;
Oberösterreich;41805;Eberstalzell;;2.653;;;;
Oberösterreich;41806;Edt bei Lambach;;2.265;;;;
Oberösterreich;41807;Fischlham;;1.341;;;;
Oberösterreich;41808;Gunskirchen;M;6.138;;;;
Oberösterreich;41809;Holzhausen;;1.025;;;;
Oberösterreich;41810;Krenglbach;;3.179;;;;
Oberösterreich;41811;Lambach;M;3.523;;;;
Oberösterreich;41812;Marchtrenk;ST;13.802;;;;
Oberösterreich;41813;Neukirchen bei Lambach;;918;;;;
Oberösterreich;41814;Offenhausen;M;1.703;;;;
Oberösterreich;41815;Pennewang;;916;;;;
Oberösterreich;41816;Pichl bei Wels;M;2.930;;;;
Oberösterreich;41817;Sattledt;M;2.712;;;;
Oberösterreich;41818;Schleißheim;;1.406;;;;
Oberösterreich;41819;Sipbachzell;;2.025;;;;
Oberösterreich;41820;Stadl-Paura;M;5.037;;;;
Oberösterreich;41821;Steinerkirchen an der Traun;M;2.385;;;;
Oberösterreich;41822;Steinhaus;;2.226;;;;
Oberösterreich;41823;Thalheim bei Wels;M;5.526;;;;
Oberösterreich;41824;Weißkirchen an der Traun;;3.438;;;;
Salzburg;50101;Salzburg;SR;154.211;;;;
Salzburg;50201;Abtenau;M;5.909;;;;
Salzburg;50202;Adnet;;3.571;;;;
Salzburg;50203;Annaberg-Lungötz;;2.220;;;;
Salzburg;50204;Golling an der Salzach;M;4.287;;;;
Salzburg;50205;Hallein;ST;21.170;;;;
Salzburg;50206;Krispl;;884;;;;
Salzburg;50207;Kuchl;M;7.334;;;;
Salzburg;50208;Oberalm;M;4.365;;;;
Salzburg;50209;Puch bei Hallein;;4.659;;;;
Salzburg;50210;Rußbach am Paß Gschütt;;772;;;;
Salzburg;50211;Sankt Koloman;;1.747;;;;
Salzburg;50212;Scheffau am Tennengebirge;;1.383;;;;
Salzburg;50213;Bad Vigaun;;2.073;;;;
Salzburg;50301;Anif;;4.204;;;;
Salzburg;50302;Anthering;;3.756;;;;
Salzburg;50303;Bergheim;;5.425;;;;
Salzburg;50304;Berndorf bei Salzburg;;1.713;;;;
Salzburg;50305;Bürmoos;;4.918;;;;
Salzburg;50306;Dorfbeuern;;1.552;;;;
Salzburg;50307;Ebenau;;1.422;;;;
Salzburg;50308;Elixhausen;;2.988;;;;
Salzburg;50309;Elsbethen;;5.452;;;;
Salzburg;50310;Eugendorf;M;6.962;;;;
Salzburg;50311;Faistenau;;3.100;;;;
Salzburg;50312;Fuschl am See;;1.563;;;;
Salzburg;50313;Göming;;768;;;;
Salzburg;50314;Grödig;M;7.314;;;;
Salzburg;50315;Großgmain;;2.600;;;;
Salzburg;50316;Hallwang;;4.240;;;;
Salzburg;50317;Henndorf am Wallersee;;4.941;;;;
Salzburg;50318;Hintersee;;449;;;;
Salzburg;50319;Hof bei Salzburg;;3.608;;;;
Salzburg;50320;Köstendorf;;2.672;;;;
Salzburg;50321;Koppl;;3.564;;;;
Salzburg;50322;Lamprechtshausen;;3.990;;;;
Salzburg;50323;Mattsee;M;3.321;;;;
Salzburg;50324;Neumarkt am Wallersee;ST;6.339;;;;
Salzburg;50325;Nußdorf am Haunsberg;;2.380;;;;
Salzburg;50326;Oberndorf bei Salzburg;ST;5.806;;;;
Salzburg;50327;Obertrum am See;M;4.823;;;;
Salzburg;50328;Plainfeld;;1.257;;;;
Salzburg;50329;Sankt Georgen bei Salzburg;;2.974;;;;
Salzburg;50330;Sankt Gilgen;;3.928;;;;
Salzburg;50331;Schleedorf;;1.075;;;;
Salzburg;50332;Seeham;;1.933;;;;
Salzburg;50335;Straßwalchen;M;7.570;;;;
Salzburg;50336;Strobl;;3.639;;;;
Salzburg;50337;Thalgau;M;5.938;;;;
Salzburg;50338;Wals-Siezenheim;;13.213;;;;
Salzburg;50339;Seekirchen am Wallersee;ST;10.884;;;;
Salzburg;50401;Altenmarkt im Pongau;M;4.349;;;;
Salzburg;50402;Bad Hofgastein;M;6.888;;;;
Salzburg;50403;Bad Gastein;;3.990;;;;
Salzburg;50404;Bischofshofen;ST;10.574;;;;
Salzburg;50405;Dorfgastein;;1.602;;;;
Salzburg;50406;Eben im Pongau;;2.464;;;;
Salzburg;50407;Filzmoos;;1.493;;;;
Salzburg;50408;Flachau;;2.840;;;;
Salzburg;50409;Forstau;;555;;;;
Salzburg;50410;Goldegg;;2.554;;;;
Salzburg;50411;Großarl;M;3.805;;;;
Salzburg;50412;Hüttau;;1.484;;;;
Salzburg;50413;Hüttschlag;;906;;;;
Salzburg;50414;Kleinarl;;798;;;;
Salzburg;50415;Mühlbach am Hochkönig;;1.444;;;;
Salzburg;50416;Pfarrwerfen;;2.369;;;;
Salzburg;50417;Radstadt;ST;4.804;;;;
Salzburg;50418;Sankt Johann im Pongau;ST;11.017;;;;
Salzburg;50419;Sankt Martin am Tennengebirge;;1.662;;;;
Salzburg;50420;Sankt Veit im Pongau;M;3.819;;;;
Salzburg;50421;Schwarzach im Pongau;M;3.505;;;;
Salzburg;50422;Untertauern;;463;;;;
Salzburg;50423;Wagrain;M;3.122;;;;
Salzburg;50424;Werfen;M;3.037;;;;
Salzburg;50425;Werfenweng;;1.029;;;;
Salzburg;50501;Göriach;;345;;;;
Salzburg;50502;Lessach;;552;;;;
Salzburg;50503;Mariapfarr;;2.396;;;;
Salzburg;50504;Mauterndorf;M;1.620;;;;
Salzburg;50505;Muhr;;502;;;;
Salzburg;50506;Ramingstein;;1.055;;;;
Salzburg;50507;Sankt Andrä im Lungau;;761;;;;
Salzburg;50508;Sankt Margarethen im Lungau;;712;;;;
Salzburg;50509;Sankt Michael im Lungau;M;3.521;;;;
Salzburg;50510;Tamsweg;M;5.730;;;;
Salzburg;50511;Thomatal;;347;;;;
Salzburg;50512;Tweng;;265;;;;
Salzburg;50513;Unternberg;;1.022;;;;
Salzburg;50514;Weißpriach;;305;;;;
Salzburg;50515;Zederhaus;;1.187;;;;
Salzburg;50601;Bramberg am Wildkogel;;3.938;;;;
Salzburg;50602;Bruck an der Großglocknerstraße;;4.771;;;;
Salzburg;50603;Dienten am Hochkönig;;758;;;;
Salzburg;50604;Fusch an der Großglocknerstraße;;699;;;;
Salzburg;50605;Hollersbach im Pinzgau;;1.230;;;;
Salzburg;50606;Kaprun;;3.170;;;;
Salzburg;50607;Krimml;;841;;;;
Salzburg;50608;Lend;;1.319;;;;
Salzburg;50609;Leogang;;3.300;;;;
Salzburg;50610;Lofer;M;2.039;;;;
Salzburg;50611;Maishofen;;3.628;;;;
Salzburg;50612;Maria Alm am Steinernen Meer;;2.196;;;;
Salzburg;50613;Mittersill;ST;5.431;;;;
Salzburg;50614;Neukirchen am Großvenediger;M;2.565;;;;
Salzburg;50615;Niedernsill;;2.721;;;;
Salzburg;50616;Piesendorf;;3.825;;;;
Salzburg;50617;Rauris;M;3.013;;;;
Salzburg;50618;Saalbach-Hinterglemm;;2.819;;;;
Salzburg;50619;Saalfelden am Steinernen Meer;ST;16.820;;;;
Salzburg;50620;Sankt Martin bei Lofer;;1.152;;;;
Salzburg;50621;Stuhlfelden;;1.578;;;;
Salzburg;50622;Taxenbach;M;2.729;;;;
Salzburg;50623;Unken;;1.899;;;;
Salzburg;50624;Uttendorf;;3.026;;;;
Salzburg;50625;Viehhofen;;602;;;;
Salzburg;50626;Wald im Pinzgau;;1.127;;;;
Salzburg;50627;Weißbach bei Lofer;;412;;;;
Salzburg;50628;Zell am See;ST;9.854;;;;
Steiermark;60101;Graz;SR;288.806;;;;
Steiermark;60305;Frauental an der Laßnitz;M;2.911;;;;
Steiermark;60318;Lannach;M;3.509;;;;
Steiermark;60323;Pölfing-Brunn;M;1.625;;;;
Steiermark;60324;Preding;M;1.782;;;;
Steiermark;60326;Sankt Josef (Weststeiermark);;1.622;;;;
Steiermark;60329;Sankt Peter im Sulmtal;;1.256;;;;
Steiermark;60341;Wettmannstätten;M;1.604;;;;
Steiermark;60344;Deutschlandsberg;ST;11.663;;;;
Steiermark;60345;Eibiswald;M;6.446;;;;
Steiermark;60346;Groß Sankt Florian;M;4.146;;;;
Steiermark;60347;Sankt Martin im Sulmtal;;3.093;;;;
Steiermark;60348;Sankt Stefan ob Stainz;;3.576;;;;
Steiermark;60349;Schwanberg;M;4.571;;;;
Steiermark;60350;Stainz;M;8.637;;;;
Steiermark;60351;Wies;M;4.380;;;;
Steiermark;60608;Feldkirchen bei Graz;M;6.508;;;;
Steiermark;60611;Gössendorf;M;4.041;;;;
Steiermark;60613;Gratkorn;M;7.963;;;;
Steiermark;60617;Hart bei Graz;;5.126;;;;
Steiermark;60618;Haselsdorf-Tobelbad;;1.512;;;;
Steiermark;60619;Hausmannstätten;M;3.380;;;;
Steiermark;60623;Kainbach bei Graz;;2.814;;;;
Steiermark;60624;Kalsdorf bei Graz;M;7.128;;;;
Steiermark;60626;Kumberg;M;3.898;;;;
Steiermark;60628;Laßnitzhöhe;M;2.762;;;;
Steiermark;60629;Lieboch;M;5.149;;;;
Steiermark;60632;Peggau;M;2.234;;;;
Steiermark;60639;Sankt Bartholomä;;1.438;;;;
Steiermark;60641;Sankt Oswald bei Plankenwarth;;1.263;;;;
Steiermark;60642;Sankt Radegund bei Graz;;2.150;;;;
Steiermark;60645;Semriach;M;3.305;;;;
Steiermark;60646;Stattegg;;2.950;;;;
Steiermark;60647;Stiwoll;;707;;;;
Steiermark;60648;Thal;M;2.274;;;;
Steiermark;60651;Übelbach;M;2.042;;;;
Steiermark;60653;Vasoldsberg;M;4.606;;;;
Steiermark;60654;Weinitzen;;2.621;;;;
Steiermark;60655;Werndorf;;2.356;;;;
Steiermark;60656;Wundschuh;;1.598;;;;
Steiermark;60659;Deutschfeistritz;M;4.399;;;;
Steiermark;60660;Dobl-Zwaring;M;3.525;;;;
Steiermark;60661;Eggersdorf bei Graz;M;6.669;;;;
Steiermark;60662;Fernitz-Mellach;;4.813;;;;
Steiermark;60663;Frohnleiten;ST;6.551;;;;
Steiermark;60664;Gratwein-Straßengel;M;12.931;;;;
Steiermark;60665;Hitzendorf;M;7.122;;;;
Steiermark;60666;Nestelbach bei Graz;;2.656;;;;
Steiermark;60667;Raaba-Grambach;M;4.549;;;;
Steiermark;60668;Sankt Marein bei Graz;M;3.739;;;;
Steiermark;60669;Seiersberg-Pirka;;11.216;;;;
Steiermark;60670;Premstätten;M;6.265;;;;
Steiermark;61001;Allerheiligen bei Wildon;;1.491;;;;
Steiermark;61002;Arnfels;M;987;;;;
Steiermark;61007;Empersdorf;;1.385;;;;
Steiermark;61008;Gabersdorf;;1.216;;;;
Steiermark;61012;Gralla;M;2.511;;;;
Steiermark;61013;Großklein;M;2.251;;;;
Steiermark;61016;Heimschuh;;1.949;;;;
Steiermark;61017;Hengsberg;;1.462;;;;
Steiermark;61019;Kitzeck im Sausal;;1.217;;;;
Steiermark;61020;Lang;;1.345;;;;
Steiermark;61021;Lebring-Sankt Margarethen;M;2.182;;;;
Steiermark;61024;Oberhaag;;2.081;;;;
Steiermark;61027;Ragnitz;;1.492;;;;
Steiermark;61030;Sankt Andrä-Höch;;1.731;;;;
Steiermark;61032;Sankt Johann im Saggautal;;2.003;;;;
Steiermark;61033;Sankt Nikolai im Sausal;M;2.278;;;;
Steiermark;61043;Tillmitsch;;3.300;;;;
Steiermark;61045;Wagna;M;6.015;;;;
Steiermark;61049;Ehrenhausen an der Weinstraße;M;2.544;;;;
Steiermark;61050;Gamlitz;M;3.207;;;;
Steiermark;61051;Gleinstätten;M;2.796;;;;
Steiermark;61052;Heiligenkreuz am Waasen;M;2.809;;;;
Steiermark;61053;Leibnitz;ST;12.374;;;;
Steiermark;61054;Leutschach an der Weinstraße;M;3.676;;;;
Steiermark;61055;Sankt Georgen an der Stiefing;M;1.513;;;;
Steiermark;61056;Sankt Veit in der Südsteiermark;M;4.085;;;;
Steiermark;61057;Schwarzautal;M;2.302;;;;
Steiermark;61058;Straß in Steiermark;M;4.859;;;;
Steiermark;61059;Wildon;M;5.423;;;;
Steiermark;61101;Eisenerz;ST;3.903;;;;
Steiermark;61105;Kalwang;M;998;;;;
Steiermark;61106;Kammern im Liesingtal;M;1.590;;;;
Steiermark;61107;Kraubath an der Mur;M;1.302;;;;
Steiermark;61108;Leoben;ST;24.584;;;;
Steiermark;61109;Mautern in Steiermark;M;1.755;;;;
Steiermark;61110;Niklasdorf;M;2.410;;;;
Steiermark;61111;Proleb;;1.550;;;;
Steiermark;61112;Radmer;;537;;;;
Steiermark;61113;Sankt Michael in Obersteiermark;M;3.056;;;;
Steiermark;61114;Sankt Peter-Freienstein;M;2.366;;;;
Steiermark;61115;Sankt Stefan ob Leoben;;1.908;;;;
Steiermark;61116;Traboch;;1.401;;;;
Steiermark;61118;Vordernberg;M;1.018;;;;
Steiermark;61119;Wald am Schoberpaß;;551;;;;
Steiermark;61120;Trofaiach;ST;11.131;;;;
Steiermark;61203;Aigen im Ennstal;;2.637;;;;
Steiermark;61204;Altaussee;;1.888;;;;
Steiermark;61205;Altenmarkt bei Sankt Gallen;M;817;;;;
Steiermark;61206;Ardning;;1.227;;;;
Steiermark;61207;Bad Aussee;ST;4.862;;;;
Steiermark;61213;Gröbming;M;3.038;;;;
Steiermark;61215;Grundlsee;;1.190;;;;
Steiermark;61217;Haus;M;2.427;;;;
Steiermark;61222;Lassing;;1.722;;;;
Steiermark;61236;Ramsau am Dachstein;;2.800;;;;
Steiermark;61243;Selzthal;;1.551;;;;
Steiermark;61247;Trieben;ST;3.387;;;;
Steiermark;61251;Wildalpen;;466;;;;
Steiermark;61252;Wörschach;;1.139;;;;
Steiermark;61253;Admont;M;4.957;;;;
Steiermark;61254;Aich;;1.289;;;;
Steiermark;61255;Bad Mitterndorf;M;4.941;;;;
Steiermark;61256;Gaishorn am See;M;1.305;;;;
Steiermark;61257;Irdning-Donnersbachtal;M;4.137;;;;
Steiermark;61258;Landl;;2.723;;;;
Steiermark;61259;Liezen;ST;8.240;;;;
Steiermark;61260;Michaelerberg-Pruggern;;1.164;;;;
Steiermark;61261;Mitterberg-Sankt Martin;;1.945;;;;
Steiermark;61262;Öblarn;M;2.002;;;;
Steiermark;61263;Rottenmann;ST;5.217;;;;
Steiermark;61264;Sankt Gallen;M;1.821;;;;
Steiermark;61265;Schladming;ST;6.656;;;;
Steiermark;61266;Sölk;;1.508;;;;
Steiermark;61267;Stainach-Pürgg;M;2.845;;;;
Steiermark;61410;Mühlen;M;878;;;;
Steiermark;61413;Niederwölz;;602;;;;
Steiermark;61425;St. Peter am Kammersberg;M;2.060;;;;
Steiermark;61428;Schöder;;940;;;;
Steiermark;61437;Krakau;;1.390;;;;
Steiermark;61438;Murau;ST;3.551;;;;
Steiermark;61439;Neumarkt in der Steiermark;M;4.907;;;;
Steiermark;61440;Oberwölz ;ST;2.936;;;;
Steiermark;61441;Ranten;;1.164;;;;
Steiermark;61442;Sankt Georgen am Kreischberg;;1.765;;;;
Steiermark;61443;Sankt Lambrecht;M;1.807;;;;
Steiermark;61444;Scheifling;M;2.113;;;;
Steiermark;61445;Stadl-Predlitz;;1.660;;;;
Steiermark;61446;Teufenbach-Katsch;;1.886;;;;
Steiermark;61611;Krottendorf-Gaisfeld;;2.477;;;;
Steiermark;61612;Ligist;M;3.255;;;;
Steiermark;61615;Mooskirchen;M;2.198;;;;
Steiermark;61618;Rosental an der Kainach;;1.684;;;;
Steiermark;61621;Sankt Martin am Wöllmißberg;;805;;;;
Steiermark;61624;Stallhofen;M;3.108;;;;
Steiermark;61625;Voitsberg;ST;9.400;;;;
Steiermark;61626;Bärnbach;ST;5.631;;;;
Steiermark;61627;Edelschrott;M;1.720;;;;
Steiermark;61628;Geistthal-Södingberg;;1.514;;;;
Steiermark;61629;Hirschegg-Pack;;1.017;;;;
Steiermark;61630;Kainach bei Voitsberg;;1.598;;;;
Steiermark;61631;Köflach;ST;9.855;;;;
Steiermark;61632;Maria Lankowitz;M;2.817;;;;
Steiermark;61633;Söding-Sankt Johann;;4.082;;;;
Steiermark;61701;Albersdorf-Prebuch;;2.160;;;;
Steiermark;61708;Fischbach;;1.526;;;;
Steiermark;61710;Floing;;1.204;;;;
Steiermark;61711;Gasen;;899;;;;
Steiermark;61716;Markt Hartmannsdorf;M;2.945;;;;
Steiermark;61719;Hofstätten an der Raab;;2.315;;;;
Steiermark;61727;Ludersdorf-Wilfersdorf;;2.456;;;;
Steiermark;61728;Miesenbach bei Birkfeld;;689;;;;
Steiermark;61729;Mitterdorf an der Raab;;2.100;;;;
Steiermark;61730;Mortantsch;;2.162;;;;
Steiermark;61731;Naas;;1.371;;;;
Steiermark;61740;Puch bei Weiz;;2.066;;;;
Steiermark;61741;Ratten;;1.123;;;;
Steiermark;61743;Rettenegg;;722;;;;
Steiermark;61744;St. Kathrein am Hauenstein;;634;;;;
Steiermark;61745;Sankt Kathrein am Offenegg;;1.078;;;;
Steiermark;61746;St. Margarethen an der Raab;M;4.100;;;;
Steiermark;61748;Sinabelkirchen;M;4.263;;;;
Steiermark;61750;Strallegg;;1.914;;;;
Steiermark;61751;Thannhausen;;2.439;;;;
Steiermark;61756;Anger;M;4.048;;;;
Steiermark;61757;Birkfeld;M;4.969;;;;
Steiermark;61758;Fladnitz an der Teichalm;;1.796;;;;
Steiermark;61759;Gersdorf an der Feistritz;;1.700;;;;
Steiermark;61760;Gleisdorf;ST;10.777;;;;
Steiermark;61761;Gutenberg-Stenzengreith;;1.776;;;;
Steiermark;61762;Ilztal;;2.153;;;;
Steiermark;61763;Passail;M;4.245;;;;
Steiermark;61764;Pischelsdorf am Kulm;M;3.689;;;;
Steiermark;61765;Sankt Ruprecht an der Raab;M;5.323;;;;
Steiermark;61766;Weiz;ST;11.701;;;;
Steiermark;62007;Fohnsdorf;;7.672;;;;
Steiermark;62008;Gaal;;1.378;;;;
Steiermark;62010;Hohentauern;;394;;;;
Steiermark;62014;Kobenz;M;1.902;;;;
Steiermark;62021;Pusterwald;;450;;;;
Steiermark;62026;Sankt Georgen ob Judenburg;;843;;;;
Steiermark;62032;Sankt Peter ob Judenburg;;1.087;;;;
Steiermark;62034;Seckau;M;1.283;;;;
Steiermark;62036;Unzmarkt-Frauenburg;M;1.322;;;;
Steiermark;62038;Zeltweg;ST;7.066;;;;
Steiermark;62039;Lobmingtal;;1.859;;;;
Steiermark;62040;Judenburg;ST;9.899;;;;
Steiermark;62041;Knittelfeld;ST;12.623;;;;
Steiermark;62042;Obdach;M;3.758;;;;
Steiermark;62043;Pöls-Oberkurzheim;M;2.971;;;;
Steiermark;62044;Pölstal;M;2.604;;;;
Steiermark;62045;Sankt Marein-Feistritz;;2.005;;;;
Steiermark;62046;Sankt Margarethen bei Knittelfeld;;2.703;;;;
Steiermark;62047;Spielberg;ST;5.387;;;;
Steiermark;62048;Weißkirchen in Steiermark;M;4.798;;;;
Steiermark;62105;Breitenau am Hochlantsch;M;1.680;;;;
Steiermark;62115;Krieglach;M;5.321;;;;
Steiermark;62116;Langenwang;M;3.867;;;;
Steiermark;62125;Pernegg an der Mur;;2.341;;;;
Steiermark;62128;Sankt Lorenzen im Mürztal;M;3.610;;;;
Steiermark;62131;Spital am Semmering;;1.446;;;;
Steiermark;62132;Stanz im Mürztal;;1.844;;;;
Steiermark;62135;Turnau;M;1.597;;;;
Steiermark;62138;Aflenz ;M;2.436;;;;
Steiermark;62139;Bruck an der Mur;ST;15.837;;;;
Steiermark;62140;Kapfenberg;ST;22.753;;;;
Steiermark;62141;Kindberg;ST;8.148;;;;
Steiermark;62142;Mariazell;ST;3.722;;;;
Steiermark;62143;Mürzzuschlag;ST;8.525;;;;
Steiermark;62144;Neuberg an der Mürz;M;2.448;;;;
Steiermark;62145;Sankt Barbara im Mürztal;M;6.586;;;;
Steiermark;62146;Sankt Marein im Mürztal;M;2.692;;;;
Steiermark;62147;Thörl;M;2.267;;;;
Steiermark;62148;Tragöß-Sankt Katharein;;1.864;;;;
Steiermark;62202;Bad Blumau;;1.631;;;;
Steiermark;62205;Buch-St. Magdalena;;2.172;;;;
Steiermark;62206;Burgau;M;1.058;;;;
Steiermark;62209;Ebersdorf;;1.280;;;;
Steiermark;62211;Friedberg;ST;2.613;;;;
Steiermark;62214;Greinbach;;1.804;;;;
Steiermark;62216;Großsteinbach;;1.266;;;;
Steiermark;62219;Hartberg;ST;6.687;;;;
Steiermark;62220;Hartberg Umgebung;;2.226;;;;
Steiermark;62226;Lafnitz;;1.445;;;;
Steiermark;62232;Ottendorf an der Rittschein;;1.562;;;;
Steiermark;62233;Pinggau;M;3.164;;;;
Steiermark;62235;Pöllauberg;;2.050;;;;
Steiermark;62242;Sankt Jakob im Walde;;1.049;;;;
Steiermark;62244;Sankt Johann in der Haide;;2.156;;;;
Steiermark;62245;Sankt Lorenzen am Wechsel;;1.480;;;;
Steiermark;62247;Schäffern;;1.373;;;;
Steiermark;62252;Söchau;;1.437;;;;
Steiermark;62256;Stubenberg;;2.216;;;;
Steiermark;62262;Wenigzell;;1.398;;;;
Steiermark;62264;Bad Waltersdorf;M;3.809;;;;
Steiermark;62265;Dechantskirchen;;2.042;;;;
Steiermark;62266;Feistritztal;;2.406;;;;
Steiermark;62267;Fürstenfeld;ST;8.625;;;;
Steiermark;62268;Grafendorf bei Hartberg;M;3.091;;;;
Steiermark;62269;Großwilfersdorf;;2.070;;;;
Steiermark;62270;Hartl;;2.117;;;;
Steiermark;62271;Ilz;M;3.762;;;;
Steiermark;62272;Kaindorf;M;2.964;;;;
Steiermark;62273;Loipersdorf bei Fürstenfeld;;1.871;;;;
Steiermark;62274;Neudau;M;1.502;;;;
Steiermark;62275;Pöllau;M;6.014;;;;
Steiermark;62276;Rohr bei Hartberg;;1.457;;;;
Steiermark;62277;Rohrbach an der Lafnitz;;2.642;;;;
Steiermark;62278;Vorau;M;4.706;;;;
Steiermark;62279;Waldbach-Mönichwald;;1.477;;;;
Steiermark;62311;Edelsbach bei Feldbach;;1.358;;;;
Steiermark;62314;Eichkögl;;1.335;;;;
Steiermark;62326;Halbenrain;M;1.753;;;;
Steiermark;62330;Jagerberg;M;1.638;;;;
Steiermark;62332;Kapfenstein;;1.557;;;;
Steiermark;62335;Klöch;M;1.185;;;;
Steiermark;62343;Mettersdorf am Saßbach;M;1.267;;;;
Steiermark;62347;Murfeld;;1.671;;;;
Steiermark;62368;Tieschen;M;1.219;;;;
Steiermark;62372;Unterlamm;;1.248;;;;
Steiermark;62375;Bad Gleichenberg;;5.303;;;;
Steiermark;62376;Bad Radkersburg;ST;3.154;;;;
Steiermark;62377;Deutsch Goritz;;1.815;;;;
Steiermark;62378;Fehring;ST;7.246;;;;
Steiermark;62379;Feldbach;ST;13.511;;;;
Steiermark;62380;Gnas;M;6.015;;;;
Steiermark;62381;Kirchbach-Zerlach;M;3.236;;;;
Steiermark;62382;Kirchberg an der Raab;;4.498;;;;
Steiermark;62383;Mureck;ST;3.515;;;;
Steiermark;62384;Paldau;M;3.139;;;;
Steiermark;62385;Pirching am Traubenberg;;2.559;;;;
Steiermark;62386;Riegersburg;M;4.953;;;;
Steiermark;62387;Sankt Anna am Aigen;M;2.342;;;;
Steiermark;62388;Sankt Peter am Ottersbach;M;2.920;;;;
Steiermark;62389;Sankt Stefan im Rosental;M;3.956;;;;
Steiermark;62390;Straden;M;3.554;;;;
Tirol;70101;Innsbruck;SR;132.110;;;;
Tirol;70201;Arzl im Pitztal;;3.157;;;;
Tirol;70202;Haiming;;4.697;;;;
Tirol;70203;Imst;ST;10.628;;;;
Tirol;70204;Imsterberg;;801;;;;
Tirol;70205;Jerzens;;984;;;;
Tirol;70206;Karres;;606;;;;
Tirol;70207;Karrösten;;683;;;;
Tirol;70208;Längenfeld;;4.669;;;;
Tirol;70209;Mieming;;3.761;;;;
Tirol;70210;Mils bei Imst;;596;;;;
Tirol;70211;Mötz;;1.227;;;;
Tirol;70212;Nassereith;;2.164;;;;
Tirol;70213;Obsteig;;1.338;;;;
Tirol;70214;Oetz;;2.359;;;;
Tirol;70215;Rietz;;2.324;;;;
Tirol;70216;Roppen;;1.801;;;;
Tirol;70217;St. Leonhard im Pitztal;;1.394;;;;
Tirol;70218;Sautens;;1.620;;;;
Tirol;70219;Silz;;2.564;;;;
Tirol;70220;Sölden;;3.119;;;;
Tirol;70221;Stams;;1.495;;;;
Tirol;70222;Tarrenz;;2.763;;;;
Tirol;70223;Umhausen;;3.271;;;;
Tirol;70224;Wenns;;2.035;;;;
Tirol;70301;Absam;;7.285;;;;
Tirol;70302;Aldrans;;2.736;;;;
Tirol;70303;Ampass;;1.835;;;;
Tirol;70304;Axams;;6.018;;;;
Tirol;70305;Baumkirchen;;1.278;;;;
Tirol;70306;Birgitz;;1.459;;;;
Tirol;70307;Ellbögen;;1.117;;;;
Tirol;70308;Flaurling;;1.304;;;;
Tirol;70309;Fritzens;;2.168;;;;
Tirol;70310;Fulpmes;M;4.426;;;;
Tirol;70311;Gnadenwald;;840;;;;
Tirol;70312;Götzens;;4.044;;;;
Tirol;70313;Gries am Brenner;;1.341;;;;
Tirol;70314;Gries im Sellrain;;613;;;;
Tirol;70315;Grinzens;;1.387;;;;
Tirol;70317;Gschnitz;;449;;;;
Tirol;70318;Hatting;;1.454;;;;
Tirol;70319;Inzing;;3.904;;;;
Tirol;70320;Kematen in Tirol;;2.963;;;;
Tirol;70322;Kolsass;;1.630;;;;
Tirol;70323;Kolsassberg;;828;;;;
Tirol;70325;Lans;;1.077;;;;
Tirol;70326;Leutasch;;2.422;;;;
Tirol;70327;Matrei am Brenner;M;953;;;;
Tirol;70328;Mieders;;1.884;;;;
Tirol;70329;Mils;;4.447;;;;
Tirol;70330;Mühlbachl;;1.388;;;;
Tirol;70331;Mutters;;2.209;;;;
Tirol;70332;Natters;;2.069;;;;
Tirol;70333;Navis;;2.037;;;;
Tirol;70334;Neustift im Stubaital;;4.785;;;;
Tirol;70335;Oberhofen im Inntal;;1.868;;;;
Tirol;70336;Obernberg am Brenner;;369;;;;
Tirol;70337;Oberperfuss;;3.097;;;;
Tirol;70338;Patsch;;1.037;;;;
Tirol;70339;Pettnau;;1.058;;;;
Tirol;70340;Pfaffenhofen;;1.140;;;;
Tirol;70341;Pfons;;1.221;;;;
Tirol;70342;Polling in Tirol;;1.221;;;;
Tirol;70343;Ranggen;;1.094;;;;
Tirol;70344;Reith bei Seefeld;;1.367;;;;
Tirol;70345;Rinn;;1.916;;;;
Tirol;70346;Rum;M;9.239;;;;
Tirol;70347;St. Sigmund im Sellrain;;177;;;;
Tirol;70348;Scharnitz;;1.384;;;;
Tirol;70349;Schmirn;;869;;;;
Tirol;70350;Schönberg im Stubaital;;1.097;;;;
Tirol;70351;Seefeld in Tirol;;3.430;;;;
Tirol;70352;Sellrain;;1.340;;;;
Tirol;70353;Sistrans;;2.231;;;;
Tirol;70354;Hall in Tirol;ST;13.942;;;;
Tirol;70355;Steinach am Brenner;M;3.657;;;;
Tirol;70356;Telfes im Stubai;;1.601;;;;
Tirol;70357;Telfs;M;15.920;;;;
Tirol;70358;Thaur;;3.999;;;;
Tirol;70359;Trins;;1.308;;;;
Tirol;70360;Tulfes;;1.568;;;;
Tirol;70361;Unterperfuss;;223;;;;
Tirol;70362;Vals;;541;;;;
Tirol;70364;Völs;M;6.844;;;;
Tirol;70365;Volders;;4.443;;;;
Tirol;70366;Wattenberg;;741;;;;
Tirol;70367;Wattens;M;7.938;;;;
Tirol;70368;Wildermieming;;942;;;;
Tirol;70369;Zirl;M;8.146;;;;
Tirol;70401;Aurach bei Kitzbühel;;1.130;;;;
Tirol;70402;Brixen im Thale;;2.639;;;;
Tirol;70403;Fieberbrunn;M;4.321;;;;
Tirol;70404;Going am Wilden Kaiser;;1.843;;;;
Tirol;70405;Hochfilzen;;1.213;;;;
Tirol;70406;Hopfgarten im Brixental;M;5.620;;;;
Tirol;70407;Itter;;1.157;;;;
Tirol;70408;Jochberg;;1.562;;;;
Tirol;70409;Kirchberg in Tirol;;5.256;;;;
Tirol;70410;Kirchdorf in Tirol;;4.008;;;;
Tirol;70411;Kitzbühel;ST;8.216;;;;
Tirol;70412;Kössen;;4.365;;;;
Tirol;70413;Oberndorf in Tirol;;2.245;;;;
Tirol;70414;Reith bei Kitzbühel;;1.661;;;;
Tirol;70415;St. Jakob in Haus;;783;;;;
Tirol;70416;St. Johann in Tirol;M;9.477;;;;
Tirol;70417;St. Ulrich am Pillersee;;1.833;;;;
Tirol;70418;Schwendt;;834;;;;
Tirol;70419;Waidring;;2.039;;;;
Tirol;70420;Westendorf;;3.679;;;;
Tirol;70501;Alpbach;;2.543;;;;
Tirol;70502;Angath;;986;;;;
Tirol;70503;Bad Häring;;2.774;;;;
Tirol;70504;Brandenberg;;1.520;;;;
Tirol;70505;Breitenbach am Inn;;3.497;;;;
Tirol;70506;Brixlegg;M;3.023;;;;
Tirol;70508;Ebbs;;5.628;;;;
Tirol;70509;Ellmau;;2.834;;;;
Tirol;70510;Erl;;1.574;;;;
Tirol;70511;Kirchbichl;;5.873;;;;
Tirol;70512;Kramsach;;4.968;;;;
Tirol;70513;Kufstein;ST;19.461;;;;
Tirol;70514;Kundl;M;4.635;;;;
Tirol;70515;Langkampfen;;4.180;;;;
Tirol;70516;Mariastein;;399;;;;
Tirol;70517;Münster;;3.350;;;;
Tirol;70518;Niederndorf;;2.762;;;;
Tirol;70519;Niederndorferberg;;725;;;;
Tirol;70520;Radfeld;;2.514;;;;
Tirol;70521;Rattenberg;ST;408;;;;
Tirol;70522;Reith im Alpbachtal;;2.731;;;;
Tirol;70523;Rettenschöss;;527;;;;
Tirol;70524;Scheffau am Wilden Kaiser;;1.463;;;;
Tirol;70525;Schwoich;;2.520;;;;
Tirol;70526;Söll;;3.688;;;;
Tirol;70527;Thiersee;;3.012;;;;
Tirol;70528;Angerberg;;1.896;;;;
Tirol;70529;Walchsee;;1.913;;;;
Tirol;70530;Wildschönau;;4.267;;;;
Tirol;70531;Wörgl;ST;14.011;;;;
Tirol;70601;Faggen;;378;;;;
Tirol;70602;Fendels;;253;;;;
Tirol;70603;Fiss;;1.041;;;;
Tirol;70604;Fließ;;3.051;;;;
Tirol;70605;Flirsch;;1.008;;;;
Tirol;70606;Galtür;;787;;;;
Tirol;70607;Grins;;1.388;;;;
Tirol;70608;Ischgl;;1.617;;;;
Tirol;70609;Kappl;;2.580;;;;
Tirol;70610;Kaunerberg;;436;;;;
Tirol;70611;Kaunertal;;602;;;;
Tirol;70612;Kauns;;499;;;;
Tirol;70613;Ladis;;529;;;;
Tirol;70614;Landeck;ST;7.642;;;;
Tirol;70615;Nauders;;1.531;;;;
Tirol;70616;Pettneu am Arlberg;;1.500;;;;
Tirol;70617;Pfunds;;2.610;;;;
Tirol;70618;Pians;;801;;;;
Tirol;70619;Prutz;;1.845;;;;
Tirol;70620;Ried im Oberinntal;;1.274;;;;
Tirol;70621;St. Anton am Arlberg;;2.358;;;;
Tirol;70622;Schönwies;;1.678;;;;
Tirol;70623;See;;1.263;;;;
Tirol;70624;Serfaus;;1.125;;;;
Tirol;70625;Spiss;;109;;;;
Tirol;70626;Stanz bei Landeck;;578;;;;
Tirol;70627;Strengen;;1.207;;;;
Tirol;70628;Tobadill;;512;;;;
Tirol;70629;Tösens;;754;;;;
Tirol;70630;Zams;;3.406;;;;
Tirol;70701;Abfaltersbach;;644;;;;
Tirol;70702;Ainet;;933;;;;
Tirol;70703;Amlach;;491;;;;
Tirol;70704;Anras;;1.227;;;;
Tirol;70705;Assling;;1.784;;;;
Tirol;70706;Außervillgraten;;746;;;;
Tirol;70707;Dölsach;;2.333;;;;
Tirol;70708;Gaimberg;;838;;;;
Tirol;70709;Hopfgarten in Defereggen;;696;;;;
Tirol;70710;Innervillgraten;;925;;;;
Tirol;70711;Iselsberg-Stronach;;605;;;;
Tirol;70712;Kals am Großglockner;;1.132;;;;
Tirol;70713;Kartitsch;;771;;;;
Tirol;70714;Lavant;;325;;;;
Tirol;70715;Leisach;;718;;;;
Tirol;70716;Lienz;ST;11.868;;;;
Tirol;70717;Matrei in Osttirol;M;4.635;;;;
Tirol;70718;Nikolsdorf;;888;;;;
Tirol;70719;Nußdorf-Debant;M;3.356;;;;
Tirol;70720;Oberlienz;;1.495;;;;
Tirol;70721;Obertilliach;;666;;;;
Tirol;70723;Prägraten am Großvenediger;;1.126;;;;
Tirol;70724;St. Jakob in Defereggen;;842;;;;
Tirol;70725;St. Johann im Walde;;287;;;;
Tirol;70726;St. Veit in Defereggen;;652;;;;
Tirol;70727;Schlaiten;;471;;;;
Tirol;70728;Sillian;M;2.043;;;;
Tirol;70729;Strassen;;800;;;;
Tirol;70731;Thurn;;618;;;;
Tirol;70732;Tristach;;1.440;;;;
Tirol;70733;Untertilliach;;229;;;;
Tirol;70734;Virgen;;2.191;;;;
Tirol;70735;Heinfels;;978;;;;
Tirol;70801;Bach;;612;;;;
Tirol;70802;Berwang;;564;;;;
Tirol;70803;Biberwier;;612;;;;
Tirol;70804;Bichlbach;;781;;;;
Tirol;70805;Breitenwang;;1.464;;;;
Tirol;70806;Ehenbichl;;825;;;;
Tirol;70807;Ehrwald;;2.585;;;;
Tirol;70808;Elbigenalp;;872;;;;
Tirol;70809;Elmen;;370;;;;
Tirol;70810;Forchach;;261;;;;
Tirol;70811;Grän;;599;;;;
Tirol;70812;Gramais;;41;;;;
Tirol;70813;Häselgehr;;686;;;;
Tirol;70814;Heiterwang;;531;;;;
Tirol;70815;Hinterhornbach;;93;;;;
Tirol;70816;Höfen;;1.208;;;;
Tirol;70817;Holzgau;;404;;;;
Tirol;70818;Jungholz;;294;;;;
Tirol;70819;Kaisers;;76;;;;
Tirol;70820;Lechaschau;;2.132;;;;
Tirol;70821;Lermoos;;1.158;;;;
Tirol;70822;Musau;;387;;;;
Tirol;70823;Namlos;;74;;;;
Tirol;70824;Nesselwängle;;459;;;;
Tirol;70825;Pfafflar;;108;;;;
Tirol;70826;Pflach;;1.422;;;;
Tirol;70827;Pinswang;;406;;;;
Tirol;70828;Reutte;M;6.772;;;;
Tirol;70829;Schattwald;;450;;;;
Tirol;70830;Stanzach;;465;;;;
Tirol;70831;Steeg;;667;;;;
Tirol;70832;Tannheim;;1.100;;;;
Tirol;70833;Vils;ST;1.517;;;;
Tirol;70834;Vorderhornbach;;246;;;;
Tirol;70835;Wängle;;942;;;;
Tirol;70836;Weißenbach am Lech;;1.261;;;;
Tirol;70837;Zöblen;;226;;;;
Tirol;70901;Achenkirch;;2.199;;;;
Tirol;70902;Aschau im Zillertal;;1.845;;;;
Tirol;70903;Brandberg;;361;;;;
Tirol;70904;Bruck am Ziller;;1.124;;;;
Tirol;70905;Buch in Tirol;;2.606;;;;
Tirol;70907;Eben am Achensee;;3.255;;;;
Tirol;70908;Finkenberg;;1.412;;;;
Tirol;70909;Fügen;;4.225;;;;
Tirol;70910;Fügenberg;;1.401;;;;
Tirol;70911;Gallzein;;671;;;;
Tirol;70912;Gerlos;;798;;;;
Tirol;70913;Gerlosberg;;464;;;;
Tirol;70914;Hainzenberg;;720;;;;
Tirol;70915;Hart im Zillertal;;1.584;;;;
Tirol;70916;Hippach;;1.475;;;;
Tirol;70917;Jenbach;M;7.175;;;;
Tirol;70918;Kaltenbach;;1.327;;;;
Tirol;70920;Mayrhofen;M;3.875;;;;
Tirol;70921;Pill;;1.181;;;;
Tirol;70922;Ramsau im Zillertal;;1.647;;;;
Tirol;70923;Ried im Zillertal;;1.279;;;;
Tirol;70924;Rohrberg;;577;;;;
Tirol;70925;Schlitters;;1.483;;;;
Tirol;70926;Schwaz;ST;13.618;;;;
Tirol;70927;Schwendau;;1.786;;;;
Tirol;70928;Stans;;2.116;;;;
Tirol;70929;Steinberg am Rofan;;281;;;;
Tirol;70930;Strass im Zillertal;;843;;;;
Tirol;70931;Stumm;;1.899;;;;
Tirol;70932;Stummerberg;;854;;;;
Tirol;70933;Terfens;;2.188;;;;
Tirol;70934;Tux;;1.964;;;;
Tirol;70935;Uderns;;1.850;;;;
Tirol;70936;Vomp;M;5.181;;;;
Tirol;70937;Weer;;1.626;;;;
Tirol;70938;Weerberg;;2.496;;;;
Tirol;70939;Wiesing;;2.140;;;;
Tirol;70940;Zell am Ziller;M;1.702;;;;
Tirol;70941;Zellberg;;645;;;;
Vorarlberg;80101;Bartholomäberg;;2.383;;;;
Vorarlberg;80102;Blons;;337;;;;
Vorarlberg;80103;Bludenz;ST;14.645;;;;
Vorarlberg;80104;Bludesch;;2.371;;;;
Vorarlberg;80105;Brand;;733;;;;
Vorarlberg;80106;Bürs;;3.281;;;;
Vorarlberg;80107;Bürserberg;;558;;;;
Vorarlberg;80108;Dalaas;;1.592;;;;
Vorarlberg;80109;Fontanella;;441;;;;
Vorarlberg;80110;Gaschurn;;1.459;;;;
Vorarlberg;80111;Innerbraz;;977;;;;
Vorarlberg;80112;Klösterle;;686;;;;
Vorarlberg;80113;Lech;;1.581;;;;
Vorarlberg;80114;Lorüns;;293;;;;
Vorarlberg;80115;Ludesch;;3.515;;;;
Vorarlberg;80116;Nenzing;M;6.198;;;;
Vorarlberg;80117;Nüziders;;4.984;;;;
Vorarlberg;80118;Raggal;;863;;;;
Vorarlberg;80119;St. Anton im Montafon;;701;;;;
Vorarlberg;80120;St. Gallenkirch;;2.226;;;;
Vorarlberg;80121;St. Gerold;;421;;;;
Vorarlberg;80122;Schruns;M;3.868;;;;
Vorarlberg;80123;Silbertal;;849;;;;
Vorarlberg;80124;Sonntag;;655;;;;
Vorarlberg;80125;Stallehr;;288;;;;
Vorarlberg;80126;Thüringen;;2.239;;;;
Vorarlberg;80127;Thüringerberg;;720;;;;
Vorarlberg;80128;Tschagguns;;2.197;;;;
Vorarlberg;80129;Vandans;;2.653;;;;
Vorarlberg;80201;Alberschwende;;3.247;;;;
Vorarlberg;80202;Andelsbuch;;2.638;;;;
Vorarlberg;80203;Au;;1.742;;;;
Vorarlberg;80204;Bezau;M;2.020;;;;
Vorarlberg;80205;Bildstein;;777;;;;
Vorarlberg;80206;Bizau;;1.117;;;;
Vorarlberg;80207;Bregenz;ST;29.762;;;;
Vorarlberg;80208;Buch;;592;;;;
Vorarlberg;80209;Damüls;;307;;;;
Vorarlberg;80210;Doren;;1.025;;;;
Vorarlberg;80211;Egg;;3.553;;;;
Vorarlberg;80212;Eichenberg;;412;;;;
Vorarlberg;80213;Fußach;;3.919;;;;
Vorarlberg;80214;Gaißau;;1.844;;;;
Vorarlberg;80215;Hard;M;13.614;;;;
Vorarlberg;80216;Hittisau;;2.055;;;;
Vorarlberg;80217;Höchst;;8.046;;;;
Vorarlberg;80218;Hörbranz;M;6.395;;;;
Vorarlberg;80219;Hohenweiler;;1.303;;;;
Vorarlberg;80220;Kennelbach;;1.945;;;;
Vorarlberg;80221;Krumbach;;1.042;;;;
Vorarlberg;80222;Langen bei Bregenz;;1.417;;;;
Vorarlberg;80223;Langenegg;;1.148;;;;
Vorarlberg;80224;Lauterach;M;10.281;;;;
Vorarlberg;80225;Lingenau;;1.492;;;;
Vorarlberg;80226;Lochau;;5.784;;;;
Vorarlberg;80227;Mellau;;1.292;;;;
Vorarlberg;80228;Mittelberg;;5.100;;;;
Vorarlberg;80229;Möggers;;528;;;;
Vorarlberg;80230;Reuthe;;652;;;;
Vorarlberg;80231;Riefensberg;;1.076;;;;
Vorarlberg;80232;Schnepfau;;459;;;;
Vorarlberg;80233;Schoppernau;;945;;;;
Vorarlberg;80234;Schröcken;;211;;;;
Vorarlberg;80235;Schwarzach;;3.965;;;;
Vorarlberg;80236;Schwarzenberg;;1.826;;;;
Vorarlberg;80237;Sibratsgfäll;;412;;;;
Vorarlberg;80238;Sulzberg;;1.825;;;;
Vorarlberg;80239;Warth;;164;;;;
Vorarlberg;80240;Wolfurt;M;8.451;;;;
Vorarlberg;80301;Dornbirn;ST;49.563;;;;
Vorarlberg;80302;Hohenems;ST;16.560;;;;
Vorarlberg;80303;Lustenau;M;22.918;;;;
Vorarlberg;80401;Altach;;6.753;;;;
Vorarlberg;80402;Düns;;405;;;;
Vorarlberg;80403;Dünserberg;;147;;;;
Vorarlberg;80404;Feldkirch;ST;33.862;;;;
Vorarlberg;80405;Frastanz;M;6.450;;;;
Vorarlberg;80406;Fraxern;;714;;;;
Vorarlberg;80407;Göfis;;3.320;;;;
Vorarlberg;80408;Götzis;M;11.709;;;;
Vorarlberg;80409;Klaus;;3.079;;;;
Vorarlberg;80410;Koblach;;4.643;;;;
Vorarlberg;80411;Laterns;;666;;;;
Vorarlberg;80412;Mäder;;4.057;;;;
Vorarlberg;80413;Meiningen;;2.282;;;;
Vorarlberg;80414;Rankweil;M;11.837;;;;
Vorarlberg;80415;Röns;;360;;;;
Vorarlberg;80416;Röthis;;1.944;;;;
Vorarlberg;80417;Satteins;;2.738;;;;
Vorarlberg;80418;Schlins;;2.441;;;;
Vorarlberg;80419;Schnifis;;794;;;;
Vorarlberg;80420;Sulz;;2.582;;;;
Vorarlberg;80421;Übersaxen;;616;;;;
Vorarlberg;80422;Viktorsberg;;403;;;;
Vorarlberg;80423;Weiler;;2.100;;;;
Vorarlberg;80424;Zwischenwasser;;3.257;;;;
Wien;90001;Wien;SR;1.897.491;;;;